1,0,0,0,0,0,0,0,0,0,0,0,0,0,0,0,0,0,0,0,0,0,0,0,0,0,0,0,0,0,0,0,0,0,0,0,0,0,0,0,0,0,0,0,0,0,0,0,0,0,0,0,0,0,0,0,0,0,0,0,0,0,0,0,0,0,0,0,0,0,0,0,0,0,0,0,0,1.04566516644444,-0.020616021,1.01961053390741,-0.18641759462963,0.999198773051546,-0.0204468173505155,0.981482684907216,-0.102750701731959,0.937756197836735,0.0619728352653061,0.77043934877551,-0.471624204489796,1.10640153883333,0.157806724583333,0.62087908375,-0.8964727965,1.18023489575,0.135780516666667,0.68833946275,-0.944609067416667,1.32485614683333,0.258869352333333,0.843259853166667,-0.986184558,1.1991749245,0.239442892,0.69382554425,-0.94493659475,1.0809863295,0.2237829955,0.602691086,-0.8686022745,0,0,0,0,0,0,0,0,0,0,0,0,0,0,0,0,1.014008575,0.221572187,0.56989742,-0.808910433
1,0,0,0,0,0,0,0,0,0,0,0,0,0,0,0,0,0,0,0,0,0,0,0,0,0,0,0,0,0,0,0,0,0,0,0,0,0,0,0,0,0,0,0,0,0,0,0,0,0,0,0,0,0,0,0,0,0,0,0,0,0,0,0,0,0,0,0,0,0,0,0,0,0,0,0,0,1.01226610940385,0.067646974875,0.985862542125,-0.122314895086538,0.991413214766355,0.0593107469906542,0.976592141953271,-0.0677843668130841,1.01781175168519,0.253456054833333,0.815383644851852,-0.447888969222222,1.05959843991667,0.689516513666667,0.511331452875,-0.60457436775,1.09795223892308,0.727847437538461,0.453385898153846,-0.683914695538462,1.15578820228571,0.771396864571429,0.455180999428571,-0.727461423285714,1.089021169,0.7680841606,0.3778518152,-0.6688925318,1.058979602,0.77537983,0.34771112,-0.631800071,0,0,0,0,0,0,0,0,0,0,0,0,0,0,0,0,1.062742517,0.793189124,0.336779898,-0.621974253
1,0,0,0,0,0,0,0,0,0,0,0,0,0,0,0,0,0,0,0,0,0,0,0,0,0,0,0,0,0,0,0,0,0,0,0,0,0,0,0,0,0,0,0,0,0,0,0,0,0,0,0,0,0,0,0,0,0,0,0,0,0,0,0,0,0,0,0,0,0,0,0,0,0,0,0,0,1.03760240261386,-0.000294288108910892,1.01378359339604,-0.126108531554455,0.975946070697917,0.0318597017291667,0.902621609,-0.277254378260417,1.13590504218182,0.240347314068182,0.882961366840909,-0.658268366727273,1.0158928938,0.24915325644,0.84676930776,-0.4988862362,1.0285111631,0.2736244551,0.8634437201,-0.486771003,1.2219782236,0.3036668924,1.0289596172,-0.5846361464,1.3680590115,0.316882617,1.185239246,-0.605270363,1.3230954215,0.40236723,1.0789975935,-0.650469124,1.243973075,0.363309605,1.03367601,-0.589057764,0,0,0,0,0,0,0,0,0,0,0,0,1.250793243,0.339973288,1.028026165,-0.626150225
1,0,0,0,0,0,0,0,0,0,0,0,0,0,0,0,0,0,0,0,0,0,0,0,0,0,0,0,0,0,0,0,0,0,0,0,0,0,0,0,0,0,0,0,0,0,0,0,0,0,0,0,0,0,0,0,0,0,0,0,0,0,0,0,0,0,0,0,0,0,0,0,0,0,0,0,0,0.989018691590909,-0.0141692756363636,0.944975674590909,-0.206280757886364,1.02019120040206,0.0548371788453608,0.934584665381443,-0.259371195092784,1.16355772972727,0.580227927163636,-0.135725804690909,-0.944881882781819,1.24110224369565,0.726181320652174,-0.303083751521739,-0.954140288608696,1.11668691127273,0.581465086909091,0.104689619909091,-0.940598719545454,1.10475603733333,0.456982399333333,0.347137947,-0.939184397333333,1.09379460066667,0.378375858666667,0.515036604666667,-0.887107564,0.996305713,0.278561928,0.54189384,-0.788276216,0.992249292,0.240486885,0.597409709,-0.754868436,0,0,0,0,0,0,0,0,0,0,0,0,0.999698384,0.233854458,0.625658935,-0.743814391
1,0,0,0,0,0,0,0,0,0,0,0,0,0,0,0,0,0,0,0,0,0,0,0,0,0,0,0,0,0,0,0,0,0,0,0,0,0,0,0,0,0,0,0,0,0,0,0,0,0,0,0,0,0,0,0,0,0,0,0,0,0,0,0,0,0,0,0,0,0,0,0,0,0,0,0,0,1.03002285689109,0.0565616865346535,1.0066841969901,-0.104253383851485,1.04484225087368,0.2504678474,0.750203758231579,-0.4556929764,1.18292899659016,0.772172344836066,0.196137816016393,-0.842712855803279,1.00045655773913,0.377727924478261,0.616869099913044,-0.680501949173913,0.820850168588235,0.242134154705882,0.701072084411765,-0.339409748882353,1.054949232,0.212483305142857,1.00644445828571,-0.229222287142857,0.936576648,0.2041313605,0.894272223,-0.1882872295,0.92763557,0.1830058525,0.9022556995,-0.1093122205,0.91201235,0.184971016,0.8865343915,-0.106487298,0,0,0,0,0,0,0,0,0,0,0,0,0.919420954,0.226485095,0.879901965,-0.140754837
1,0,0,0,0,0,0,0,0,0,0,0,0,0,0,0,0,0,0,0,0,0,0,0,0,0,0,0,0,0,0,0,0,0,0,0,0,0,0,0,0,0,0,0,0,0,0,0,0,0,0,0,0,0,0,0,0,0,0,0,0,0,0,0,0,0,0,0,0,0,0,0,0,0,0,0,0,1.00239040023164,-0.0823731040903955,0.976455888418079,-0.140710426423729,1.00246319093137,-0.115951872343137,0.924086835931373,-0.295506647245098,1.15812230556,0.5798853634,0.06878072304,-0.96544553244,1.28620814519231,0.6866829305,-0.142738896269231,-1.06653581126923,1.07210248063636,0.502501243818182,0.302210884909091,-0.891737608363636,1.00308723385714,0.420860822285714,0.456725056714286,-0.787118172714286,0.9192864255,0.35661576675,0.548771912,-0.6451263355,0.900976139,0.363309605,0.563264993,-0.602076972,0.882953867,0.36306396,0.553684821,-0.584144855,0,0,0,0,0,0,0,0,0,0,0,0,0.868337276,0.371415905,0.544841585,-0.564984511
1,0,0,0,0,0,0,0,0,0,0,0,0,0,0,0,0,0,0,0,0,0,0,0,0,0,0,0,0,0,0,0,0,0,0,0,0,0,0,0,0,0,0,0,0,0,0,0,0,0,0,0,0,0,0,0,0,0,0,0,0,0,0,0,0,0,0,0,0,0,0,0,0,0,0,0,0,1.03784122917778,-0.00486923847777778,1.01248499651111,-0.143175809166667,0.977353130385417,-0.0477268618333334,0.917938625635416,-0.2460471721875,1.10052053557143,0.211315236102041,0.650569387469388,-0.832592658183674,1.07879051604167,0.02286549625,1.00777065116667,-0.106988824125,0.926484917272727,-0.0866235145454546,0.880683563818182,0.263063934272727,1.04162429516667,-0.0807764086666666,0.971773359,0.3657660595,0.992995252333333,-0.0452806426666667,0.93525407,0.329164889,0.9502704865,-0.0782380725,0.870444615,0.3730126,0.995603906,-0.078360895,0.913064099,0.389102376,0,0,0,0,0,0,0,0,0,0,0,0,1.015111196,-0.065587332,0.938611225,0.380996077
1,0,0,0,0,0,0,0,0,0,0,0,0,0,0,0,0,0,0,0,0,0,0,0,0,0,0,0,0,0,0,0,0,0,0,0,0,0,0,0,0,0,0,0,0,0,0,0,0,0,0,0,0,0,0,0,0,0,0,0,0,0,0,0,0,0,0,0,0,0,0,0,0,0,0,0,0,1.01108295601075,0.0478427510537635,0.993490528892473,-0.109069216505376,1.00162596866316,-0.00209703635789474,0.969681494147368,-0.183696245463158,1.00084153347917,0.162412576416667,0.665202732770833,-0.6887386364375,1.13766067829167,0.054952931875,0.721368539125,-0.815440507125,1.1498781518,0.058881212,1.0813312251,-0.3670679803,0.943680667125,0.037553046625,0.9382427565,0.022660791875,1.26057604525,0.064359105,1.1946965955,0.39014636925,1.02115759,-0.12552482,0.9268202435,0.4022444075,0,0,0,0,0,0,0,0,0,0,0,0,0,0,0,0,0.96828852,-0.160897763,0.841335631,0.451496318
1,0,0,0,0,0,0,0,0,0,0,0,0,0,0,0,0,0,0,0,0,0,0,0,0,0,0,0,0,0,0,0,0,0,0,0,0,0,0,0,0,0,0,0,0,0,0,0,0,0,0,0,0,0,0,0,0,0,0,0,0,0,0,0,0,0,0,0,0,0,0,0,0,0,0,0,0,0.974015791173913,0.0278380364130435,0.957782249130435,-0.106129510130435,1.00450331464865,-0.000688249855855848,0.983595322369369,-0.134700008774775,0.997010919222222,0.0654690586851852,0.78446416225926,-0.577030235629629,1.0249587894,0.26906036288,0.58513726288,-0.78900332604,1.08221926366667,0.335346966,0.6045538975,-0.810568539166667,1.153132385,0.1864940176,0.6774901224,-0.9120323884,1.290307557,0.15518650625,0.9457349425,-0.86338230875,1.301438802,0.067798141,1.126038695,-0.6485039605,0,0,0,0,0,0,0,0,0,0,0,0,0,0,0,0,1.180183184,0.112996902,0.837896594,-0.823403513
1,0,0,0,0,0,0,0,0,0,0,0,0,0,0,0,0,0,0,0,0,0,0,0,0,0,0,0,0,0,0,0,0,0,0,0,0,0,0,0,0,0,0,0,0,0,0,0,0,0,0,0,0,0,0,0,0,0,0,0,0,0,0,0,0,0,0,0,0,0,0,0,0,1.01731463050575,0.132371833298851,0.981562470908046,-0.158509072781609,1.030535646315,0.236292489455,0.73898745816,-0.472697975835,1.03483051083505,0.302939072783505,0.75863162272165,0.0736252563814432,1.07624957266667,0.020312538452381,0.138777975952381,1.04168288128571,1.05649089647826,-0.0606851037391304,-0.0741849226956522,1.05081778934783,1.06321506866667,-0.113597368888889,-0.169986644222222,1.04208254266667,1.1104615075,-0.125033528833333,-0.188450993166667,1.08309168433333,1.0532381115,-0.1157604135,-0.248900242,1.01678788575,1.039637118,-0.132157246,-0.196516352,1.012304857,1.014505019,-0.140263546,-0.208798624,0.982827404,0,0,0,0,0,0,0,0,0,0,0,0,1.044452432,-0.093836558,-0.253506094,1.00886582
1,0,0,0,0,0,0,0,0,0,0,0,0,0,0,0,0,0,0,0,0,0,0,0,0,0,0,0,0,0,0,0,0,0,0,0,0,0,0,0,0,0,0,0,0,0,0,0,0,0,0,0,0,0,0,0,0,0,0,0,0,0,0,0,0,0,0,0,0,0,0,0,0,1.02047632203191,0.00555838144680851,0.992404962648936,-0.188284616234043,1.00309357143478,0.0822952273043478,0.838246372157609,-0.385106632809783,1.05688900691304,0.371552077673913,0.78591054323913,0.113266578173913,1.0592416155,0.837069903038461,0.436455258769231,0.397175608153846,1.0573572962,0.9362432026,0.31006349964,0.36650299592,1.0745246565,0.8969988871,0.4750045865,0.3510273331,1.028640082,0.847394884833333,0.4261948375,0.396758325833333,1.05156226933333,0.899963009,0.392868939666667,0.375509995333333,1.027623852,0.905694736,0.351518624,0.334814734,0,0,0,0,0,0,0,0,0,0,0,0,0,0,0,0,1.055459675,0.935909125,0.346851361,0.343166679
1,0,0,0,0,0,0,0,0,0,0,0,0,0,0,0,0,0,0,0,0,0,0,0,0,0,0,0,0,0,0,0,0,0,0,0,0,0,0,0,0,0,0,0,0,0,0,0,0,0,0,0,0,0,0,0,0,0,0,0,0,0,0,0,0,0,0,0,0,0,0,0,0,0.90628543475,-0.013449088,0.875234701,0.18939263375,1.02244908986577,0.206731245275168,0.973100503818792,0.18295969090604,0.9965303284375,0.122365205125,0.9370912934875,0.1824961381625,1.13596958043243,-0.811951124756757,0.730018412081081,0.146066089675676,1.16826059364706,-0.807523258294118,0.806988618294118,0.136015325058824,1.09669985877778,-0.603687314777778,0.849960515,0.337080131,0.899343750333333,-0.333463684166667,0.767109766833333,0.3285507755,0.8601267365,-0.3030036495,0.7262507425,0.347219829,0.858239537,-0.301406954,0.72391711,0.348816524,0.842840468,-0.302880827,0.708441448,0.341692806,0,0,0,0,0,0,0,0,0,0,0,0,0.829790768,-0.302143891,0.699106921,0.329410534
1,0,0,0,0,0,0,0,0,0,0,0,0,0,0,0,0,0,0,0,0,0,0,0,0,0,0,0,0,0,0,0,0,0,0,0,0,0,0,0,0,0,0,0,0,0,0,0,0,0,0,0,0,0,0,0,0,0,0,0,0,0,0,0,0,0,0,0,0,0,0,0,0,0.9930655265,0.106039356411765,0.963421414058823,0.183713889352941,1.03661636094702,0.220345586112583,0.975815934549669,0.21980061113245,1.00729889136487,-0.0678313366756756,0.895540284364865,0.259992461040541,1.049210553625,-0.782589523675,0.644192883075,0.229832014525,1.16270354383333,-0.725268160277778,0.806522213,0.405751678277778,1.0543041679,-0.5252390787,0.814388326,0.4116034985,0.8719078946,-0.3856142112,0.6756232172,0.392885316,0.788602132,-0.3884882625,0.6160787625,0.3017754225,0.727364526,-0.382469949,0.57849501,0.219361378,0.713726027,-0.36576606,0.574319038,0.213957178,0,0,0,0,0,0,0,0,0,0,0,0,0.71031194,-0.327445371,0.595690191,0.206096524
1,0,0,0,0,0,0,0,0,0,0,0,0,0,0,0,0,0,0,0,0,0,0,0,0,0,0,0,0,0,0,0,0,0,0,0,0,0,0,0,0,0,0,0,0,0,0,0,0,0,0,0,0,0,0,0,0,0,0,0,0,0,0,0,0,0,0,0,0,0,0,0,0,0,0,0,0,1.02260221312418,0.160542941738562,0.969772873882353,0.214021398915033,0.957659194767123,0.146381126917808,0.909453447493151,0.200413028657534,1.22533075310811,-0.929475869891892,0.324285175567567,0.546853221945946,1.13290186511111,-0.674992727,0.676957890388889,0.572108228833333,0.898817078875,-0.37580681675,0.703405716125,0.414035388625,0.9419902124,-0.4294373574,0.743224842,0.3878250198,0.9418696725,-0.41937817675,0.75093810875,0.3823471265,0.8693970915,-0.260875457,0.750323995,0.353238142,0.883055962,-0.258910293,0.76543119,0.356185887,0,0,0,0,0,0,0,0,0,0,0,0,0.881584146,-0.26284062,0.765676835,0.34906217
1,0,0,0,0,0,0,0,0,0,0,0,0,0,0,0,0,0,0,0,0,0,0,0,0,0,0,0,0,0,0,0,0,0,0,0,0,0,0,0,0,0,0,0,0,0,0,0,0,0,0,0,0,0,0,0,0,0,0,0,0,0,0,0,0,0,0,0,0,0,0,0,0,0.993687790571429,0.07064061,0.939944728404762,0.233485990309524,1.02126032254305,0.15563672092053,0.976380431099338,0.203072319364238,1.01938293974026,-0.497444775948052,0.633092101779221,0.100446653376623,1.0737305705641,-0.989447233410257,-0.251383465076923,-0.329164889,1.10321077895,-1.08749692555,-0.0180549398,-0.0772800554,1.08227062036364,-0.985864474636364,0.376239487818182,0.187025505090909,1.0916230955,-0.90194864275,0.552333771,0.269964338,1.08287053666667,-0.859022102333333,0.601585681666667,0.268817992666667,0,0,0,0,0,0,0,0,0,0,0,0,0,0,0,0,0,0,0,0,1.063485696,-0.778941689,0.661768814,0.293791946
1,0,0,0,0,0,0,0,0,0,0,0,0,0,0,0,0,0,0,0,0,0,0,0,0,0,0,0,0,0,0,0,0,0,0,0,0,0,0,0,0,0,0,0,0,0,0,0,0,0,0,0,0,0,0,0,0,0,0,0,0,0,0,0,0,0,0,0,0,0,0,0,0,0,0,0,0,0.997814309611511,0.140265313223022,0.952842755057554,0.187533504388489,0.989500031907894,0.146152572223684,0.935217438973684,0.212486537355263,1.07520632086111,-0.923388030861111,0.201320084694444,-0.436846296888889,1.11557641592857,-0.957368008571429,0.106224106571429,-0.557860793214286,1.0415377064,-0.8940757063,0.3481778461,-0.3934503005,1.0292861764,-0.8652614964,0.4561144524,-0.3196829752,1.027214954,-0.851652739,0.498046129,-0.285931292,1.041011059,-0.856320002,0.525681241,-0.272175147,1.047867301,-0.859513393,0.537717867,-0.264805784,0,0,0,0,0,0,0,0,0,0,0,0,1.042482317,-0.85484613,0.539437385,-0.254979966
1,0,0,0,0,0,0,0,0,0,0,0,0,0,0,0,0,0,0,0,0,0,0,0,0,0,0,0,0,0,0,0,0,0,0,0,0,0,0,0,0,0,0,0,0,0,0,0,0,0,0,0,0,0,0,0,0,0,0,0,0,0,0,0,0,0,0,0,0,0,0,0,0,0,0,0,0,1.01211662462687,0.155337743380597,0.955685415858209,0.229284353395522,1.03487264345588,0.139580796176471,0.99246176242647,0.193561381470588,0.924729516225806,-0.710509623903226,0.436416857612903,-0.0221556339032258,1.12174464364286,-1.07082110964286,0.300599833714286,-0.139596794214286,1.1707309615,-1.082641334,0.425335078583333,-0.129291383166667,1.1771700775,-1.075374323,0.45947979475,-0.1336925305,0.995611937,-0.880638901,0.458128745,-0.076395732,0,0,0,0,1.114042991,-0.961456251,0.561054184,-0.043724888,0,0,0,0,0,0,0,0,0,0,0,0,1.135025534,-0.957034633,0.609446336,-0.03070568
1,0,0,0,0,0,0,0,0,0,0,0,0,0,0,0,0,0,0,0,0,0,0,0,0,0,0,0,0,0,0,0,0,0,0,0,0,0,0,0,0,0,0,0,0,0,0,0,0,0,0,0,0,0,0,0,0,0,0,0,0,0,0,0,0,0,0,0,0,0,0,0,0,1.0479579782,0.0315326863,1.00170116166667,0.2312833696,1.01819003058721,0.178324307453488,0.970328049744186,0.200112486674419,0.985410689041667,0.0380443374270833,0.954839176458333,0.166716489229167,1.03259606833333,-0.671523667622222,0.569296953177778,0.435436564955556,1.07426382777778,-0.210531788777778,0.996897428722222,0.218747264055556,1.0703989726,0.5169608275,0.8980305982,-0.1279075804,0.9170426205,0.336861779333333,0.849974161666667,0.0530184743333333,1.03624899266667,0.502426805666667,0.905530972333333,-0.0275122893333333,1.01164445,0.51708365,0.865654529,-0.081799931,1.01792939,0.563756284,0.839861758,-0.113979484,0,0,0,0,0,0,0,0,0,0,0,0,0.994170674,0.587092601,0.792697834,-0.123805302
1,0,0,0,0,0,0,0,0,0,0,0,0,0,0,0,0,0,0,0,0,0,0,0,0,0,0,0,0,0,0,0,0,0,0,0,0,0,0,0,0,0,0,0,0,0,0,0,0,0,0,0,0,0,0,0,0,0,0,0,0,0,0,0,0,0,0,0,0,0,0,0,0,0.973569806541667,0.0689342515,0.933995137541667,0.212892714291667,1.01817089070879,0.149191812950549,0.966828057434066,0.239704059214286,0.979300206637363,-0.0788980759120879,0.925937539538462,0.211767964164835,1.07297975443182,-0.544394956931818,0.76049036675,0.278684751204546,1.02090328234615,0.598666279923077,0.807653861576923,-0.119355339923077,1.04077131625,0.7707535075,0.6684217115,-0.193568606416667,1.04810438033333,0.751634104166667,0.716834333666667,-0.137192978,1.045320835,0.755605372,0.705248057,-0.156107677,1.047769402,0.76002699,0.703282894,-0.159915181,1.034169664,0.747744718,0.699352566,-0.145913391,0,0,0,0,0,0,0,0,0,0,0,0,1.033950223,0.751675045,0.69321143,-0.153282754
1,0,0,0,0,0,0,0,0,0,0,0,0,0,0,0,0,0,0,0,0,0,0,0,0,0,0,0,0,0,0,0,0,0,0,0,0,0,0,0,0,0,0,0,0,0,0,0,0,0,0,0,0,0,0,0,0,0,0,0,0,0,0,0,0,0,0,0,0,0,0,0,0,0.925916262741935,-0.00599057909677419,0.865813009967742,0.271652160032258,1.012535509,0.167571375886228,0.963496431491018,0.208227902502994,0.997138128432432,0.131629440756757,0.963434692094595,0.154102678932432,1.039278577475,-0.2685764414,0.821082164125,0.47541604265,1.26570154795238,-0.636419118142857,0.850451427380952,0.591058019809524,1.04256870508333,0.65603708725,0.6975511665,0.198297281,1.000175918,0.82070141375,0.563633461,-0.08425638575,1.0181886325,0.750938109,0.6836312585,-0.05870926,0.97890557,0.6712261635,0.711757661,0.0261612395,0.99348798,0.703282894,0.699598212,0.054533288,1.033790916,0.768378935,0.687561585,0.074676214,0,0,0,0,0,0,0,0,1.054407547,0.796628161,0.686824649,0.073693632
1,0,0,0,0,0,0,0,0,0,0,0,0,0,0,0,0,0,0,0,0,0,0,0,0,0,0,0,0,0,0,0,0,0,0,0,0,0,0,0,0,0,0,0,0,0,0,0,0,0,0,0,0,0,0,0,0,0,0,0,0,0,0,0,0,0,0,0,0,0,0,0,0,1.0304819247,0.0930382103,0.9953553212,0.1935010539,1.01963589877143,0.194816134328571,0.972899818778571,0.184327074,0.982517344364864,-0.371794331405406,0.658110688878378,0.461508029391892,1.07407793717949,0.193820550410256,0.574992988025641,0.600993613025641,1.0642290565,0.958106539909091,0.300815172136364,0.1744305935,1.1527063625,1.02954097833333,0.237047849333333,-0.453256776666667,1.151023355,1.1038077825,-0.0203885715,-0.321427058,1.1509812635,1.1235822405,0.088923649,-0.230169777,1.113213124,1.089437525,0.025055835,-0.227467677,1.201962916,1.154779211,-0.087449776,-0.321795526,0,0,0,0,0,0,0,0,0,0,0,0,1.215942321,1.1876957,-0.059200551,-0.253751739
1,0,0,0,0,0,0,0,0,0,0,0,0,0,0,0,0,0,0,0,0,0,0,0,0,0,0,0,0,0,0,0,0,0,0,0,0,0,0,0,0,0,0,0,0,0,0,0,0,0,0,0,0,0,0,0,0,0,0,0,0,0,0,0,0,0,0,0,0,0,0,0,0,0,0,0,0,1.01667674960584,0.156309393051095,0.968795132182481,0.189528904357664,1.12533108868056,-0.360187861,0.820872000736111,0.436351594236111,1.10775189264706,0.938864095058824,0.386725395470588,-0.017419151617647,1.09707474689474,0.966873378947369,0.175946778315789,-0.349437102157895,1.06121901511111,0.978897076888889,0.0105354598888889,-0.388611085444444,1.13587493975,1.08028723175,-0.0015966955,-0.330515939,1.050061197,0.997811776,-0.0980125305,-0.3118468855,1.101842749,1.05357329,-0.003684682,-0.322532462,1.12257582,1.073961862,-0.006632427,-0.326708435,0,0,0,0,0,0,0,0,0,0,0,0,1.168627192,1.116949814,-0.003439036,-0.34365797
1,0,0,0,0,0,0,0,0,0,0,0,0,0,0,0,0,0,0,0,0,0,0,0,0,0,0,0,0,0,0,0,0,0,0,0,0,0,0,0,0,0,0,0,0,0,0,0,0,0,0,0,0,0,0,0,0,0,0,0,0,0,0,0,0,0,0,0,0,0,0,0,0,0,0,0,0,1.0158016614,0.2024548301,0.957521829425,0.222906860008333,1.06411653609211,0.00914971846052627,0.757771130907895,0.429775678368421,1.09263206059459,1.02289416664865,0.258996601243243,0.109040018891892,1.11747798994444,1.05059825116667,0.0457446396111111,-0.361467264333333,1.2368299286,1.1942789982,0.000663242700000004,-0.2892229405,1.04106949783333,1.00624560266667,0.0172770625,-0.265174252,1.00676706466667,0.961292487,-0.00933452666666667,-0.298622973,0,0,0,0,1.117179556,1.078629125,-0.02075704,-0.2886333915,1.11875504,1.075190089,-0.026284062,-0.308039381,0,0,0,0,0,0,0,0,1.117221385,1.071014117,-0.019651635,-0.317373908
1,0,0,0,0,0,0,0,0,0,0,0,0,0,0,0,0,0,0,0,0,0,0,0,0,0,0,0,0,0,0,0,0,0,0,0,0,0,0,0,0,0,0,0,0,0,0,0,0,0,0,0,0,0,0,0,0,0,0,0,0,0,0,0,0,0,0,0,0,0,0,0,0,0,0,0,0,0,0,0,0,0.836413580666667,0.373589494636364,0.445734815757576,0.597863780939394,1.27577028544231,0.376824828211538,0.678519943673077,1.00004148038461,0.886627391413793,0.319915067689655,0.593530205241379,0.542749363448276,0.555281906428571,0.189076803928571,0.380978530714286,0.327217271714286,0.866151638166667,0.140427309666667,0.6234890665,0.528301458666667,1.19295776875,0.432581619,0.35637012125,1.05240647475,1.554689609,0.599620518,0.4539527725,1.3603844445,1.469622924,0.440196628,0.364292187,1.353997663,0,0,0,0,0,0,0,0,0,0,0,0,1.419951206,0.424229674,0.303863409,1.320589883
1,0,0,0,0,0,0,0,0,0,0,0,0,0,0,0,0,0,0,0,0,0,0,0,0,0,0,0,0,0,0,0,0,0,0,0,0,0,0,0,0,0,0,0,0,0,0,0,0,0,0,0,0,0,0,0,0,0,0,0,0,0,0,0,0,0,0,0,0,0,0,0,0,0,0,0,0,0,0,0,0,1.03273685171429,0.176490399666667,0.92539316047619,0.369988821666667,1.07277003058824,0.306825603823529,0.777431691882353,0.535987179735294,1.07972670953333,0.508748081733333,0.413830683866667,0.8491635318,1.040208587,0.511802273375,0.3563701215,0.8294525325,1.06537116375,0.47151642125,0.38124172225,0.87369941725,1.0405004455,0.482201998,0.376574459,0.8413356305,1.070353515,0.490062652,0.399419485,0.863689366,0,0,0,0,0,0,0,0,0,0,0,0,0,0,0,0,1.038663225,0.497677661,0.37706575,0.83003594
1,0,0,0,0,0,0,0,0,0,0,0,0,0,0,0,0,0,0,0,0,0,0,0,0,0,0,0,0,0,0,0,0,0,0,0,0,0,0,0,0,0,0,0,0,0,0,0,0,0,0,0,0,0,0,0,0,0,0,0,0,0,0,0,0,0,0,0,0,0,0,0,0,0,0,0,0,0,0,0,0,1.02820285050877,-0.235377891140351,0.983096751868421,-0.0723727489473684,1.26802441820238,-0.639947311023809,1.07516775642857,0.0986207952619048,0.951999125613637,-0.265408731772727,0.863901513909091,-0.127841702795455,1.20487050990909,-0.249720920818182,1.144986891,-0.159758861363636,1.10675984181818,-0.242787020090909,1.04651656681818,-0.263800870454545,1.14559015,-0.2049174258,1.0901253318,-0.283769612,1.11036629525,-0.273894665,1.06161817825,-0.17250451,1.099570041,-0.201674906,1.066592499,-0.175390844,1.058766981,-0.168021481,1.030236974,-0.177110362,0,0,0,0,0,0,0,0,1.034281657,-0.140509191,1.00567243,-0.196516352
1,0,0,0,0,0,0,0,0,0,0,0,0,0,0,0,0,0,0,0,0,0,0,0,0,0,0,0,0,0,0,0,0,0,0,0,0,0,0,0,0,0,0,0,0,0,0,0,0,0,0,0,0,0,0,0,0,0,0,0,0,0,0,0,0,0,0,0,0,0,0,0,0,0,0,0,0,1.0599307074127,-0.135282402357143,1.03405617528571,-0.118689637785714,1.06460967551064,-0.131911601106383,1.04087289846809,-0.140676439382979,1.12088957188764,-0.332637045988764,0.850369310617978,0.609338693168539,1.04812678065116,-0.326040050534884,0.772703437302326,0.627001415418605,1.1113385173913,-0.328267749130435,0.823585077521739,0.661277523304348,1.167846483,-0.277958980545455,1.02217533690909,0.478405659272727,1.163415825,-0.251049639166667,1.1039306055,0.267139415666667,1.1631398725,-0.2398727715,1.115475941,0.225870982,1.1832205125,-0.2395043035,1.131811363,0.2482247165,1.162914932,-0.231889295,1.114002069,0.239995594,0,0,0,0,0,0,0,0,1.143558304,-0.228695904,1.09828076,0.221817832
1,0,0,0,0,0,0,0,0,0,0,0,0,0,0,0,0,0,0,0,0,0,0,0,0,0,0,0,0,0,0,0,0,0,0,0,0,0,0,0,0,0,0,0,0,0,0,0,0,0,0,0,0,0,0,0,0,0,0,0,0,0,0,0,0,0,0,0,0,0,0,0,0,0,0,0,0,0,0,0,0,1.08784963303125,-0.29429091303125,0.98014065675,-0.3642614811875,1.11773349781579,-0.268283606210526,0.918073973052632,-0.531402193684211,1.13670218357895,-0.550840505263158,0.766685274315789,-0.603408629210526,1.25022720625,-0.713415768,0.909318005916667,-0.473890994,0.984374656,-0.5568290824,0.7281422118,-0.3581019218,1.05867153133333,-0.601176272666667,0.792370306333333,-0.361917614333333,1.241397513,-0.709669675,0.9022557,-0.472621826,0,0,0,0,0,0,0,0,0,0,0,0,0,0,0,0,1.610539813,-0.892921173,1.187941346,-0.620746026
1,0,0,0,0,0,0,0,0,0,0,0,0,0,0,0,0,0,0,0,0,0,0,0,0,0,0,0,0,0,0,0,0,0,0,0,0,0,0,0,0,0,0,0,0,0,0,0,0,0,0,0,0,0,0,0,0,0,0,0,0,0,0,0,0,0,0,0,0,0,0,0,0,0,0,0,0,1.07904440229412,-0.272998781764706,1.04159446282353,0.036789017,1.09329576913483,-0.0974453378483146,1.06238616551685,-0.206641635887641,1.03855640973333,-0.123068365244444,1.01152970866667,-0.184056669122222,1.18090886437209,-0.304331848883721,1.09000308034884,0.238441744325581,1.04972609608696,-0.327327888304348,0.707010296043478,0.699694334,1.05329198511111,-0.341938451777778,0.759808638666667,0.643154348777778,1.041254465,-0.330147471,0.73804172325,0.65593473475,1.031979698,-0.3055829265,0.710406611,0.68326279,1.145597771,-0.3442720835,0.668401241,0.859144925,0,0,0,0,0,0,0,0,0,0,0,0,0.988812055,-0.34906217,0.711143548,0.591759864
1,0,0,0,0,0,0,0,0,0,0,0,0,0,0,0,0,0,0,0,0,0,0,0,0,0,0,0,0,0,0,0,0,0,0,0,0,0,0,0,0,0,0,0,0,0,0,0,0,0,0,0,0,0,0,0,0,0,0,0,0,0,0,0,0,0,0,0,0,0,0,0,0,1.10735179042328,-0.278344876714286,1.03027596496296,-0.224136516952381,1.1249455232549,-0.033299333,0.602316804398693,-0.698748888810458,1.14880763281818,0.109111237974026,-0.102405436532468,-1.13871017149351,1.14670849276316,0.126953441789474,-0.101496816973684,-1.13511464755263,1.14832480958824,0.123718603176471,-0.0985760698823529,-1.13736728458824,1.143755148125,0.117756282625,-0.10010051675,-1.133254529875,1.1486006838,0.1254756906,-0.0975212396,-1.1375349016,1.146329176,0.118646747333333,-0.0949829033333333,-1.13619204,1.145076052,0.121348847,-0.103662376,-1.133899349,0,0,0,0,0,0,0,0,0,0,0,0,0,0,0,0,1.139401527,0.113488193,-0.103662376,-1.12898644
1,0,0,0,0,0,0,0,0,0,0,0,0,0,0,0,0,0,0,0,0,0,0,0,0,0,0,0,0,0,0,0,0,0,0,0,0,0,0,0,0,0,0,0,0,0,0,0,0,0,0,0,0,0,0,0,0,0,0,0,0,0,0,0,0,0,0,0,0,0,0,0,0,1.0059612945,-0.0840107405,1.0019877478,-0.0191849087,1.06709504482412,-0.162230914065327,0.766545852180904,0.100883742939698,1.06926575076635,-0.158507885317757,0.208975396476635,0.943521837672897,1.05527610344444,-0.390066762148148,0.338786001981481,0.845902816129629,1.05833120907407,0.396253388,0.840744261962963,0.47010168562963,0.997820717,-0.128981401857143,0.964070619857143,0.0836949106428571,1.069641704,-0.265706483833333,1.022621965,-0.056989742,0.987338854666667,-0.338090006333333,0.907578017666667,-0.117254756666667,1.2033922835,-0.4099822385,1.128249504,-0.075658795,0,0,0,0,1.173574655,-0.387137213,1.096315597,-0.159669536,0,0,0,0,0,0,0,0,1.072337193,-0.440687919,0.901027472,-0.379276559
1,0,0,0,0,0,0,0,0,0,0,0,0,0,0,0,0,0,0,0,0,0,0,0,0,0,0,0,0,0,0,0,0,0,0,0,0,0,0,0,0,0,0,0,0,0,0,0,0,0,0,0,0,0,0,0,0,0,0,0,0,0,0,0,0,0,0,0,0,0,0,0,0,0,0,0,0,1.00855296009155,0.0362967085422535,0.957024253246479,0.21796535028169,1.13841666727083,0.2625565928125,0.5784310400625,0.460795021322917,1.06039349569231,0.689701535115385,0.401290169211538,0.633751062288462,1.060505101625,0.887199681125,0.334517912583333,0.471383363333333,1.03447622826667,0.787752172,0.376377942466667,0.551670528333333,1.0926749055,0.909625062833333,0.3498809875,0.4929694565,1.0763006875,0.89187718,0.35870375325,0.48398292725,1.0536539,0.878428092,0.338008125,0.473604408,1.126778871,0.926328953,0.376328813,0.519540105,1.139348302,0.931733152,0.370678968,0.540911258,0,0,0,0,0,0,0,0,1.071673156,0.872286956,0.273894665,0.55908902
1,0,0,0,0,0,0,0,0,0,0,0,0,0,0,0,0,0,0,0,0,0,0,0,0,0,0,0,0,0,0,0,0,0,0,0,0,0,0,0,0,0,0,0,0,0,0,0,0,0,0,0,0,0,0,0,0,0,0,0,0,0,0,0,0,0,0,0,0,0,0,0,0,0,0,0,0,0.986859907821429,-0.0949946006857143,0.964800537714286,0.1233227837,1.11000812926263,0.116239918242424,0.24080945010101,0.892169348959596,1.05090681096429,0.0132385345535714,0.0505898009642857,0.976730132982143,1.19562284620833,-0.551607069833333,0.518547287666667,0.902634402875,1.06817176872727,-0.168914736818182,0.347164000363636,0.980013646909091,0.7505700692,-0.0888253906,0.061657005,0.7414070658,1.0611456376,-0.0362081378,0.32911576,0.9661235138,1.25755605633333,0.264969547666667,0.832574277,0.903729572,0.790470116,0.269964338,0.419562411,0.613131017,0,0,0,0,0,0,0,0,0,0,0,0,0.678035435,0.274385956,0.308285027,0.537963513
1,0,0,0,0,0,0,0,0,0,0,0,0,0,0,0,0,0,0,0,0,0,0,0,0,0,0,0,0,0,0,0,0,0,0,0,0,0,0,0,0,0,0,0,0,0,0,0,0,0,0,0,0,0,0,0,0,0,0,0,0,0,0,0,0,0,0,0,0,0,0,0,0,0,0,0,0,1.02454077977311,-0.516978373705883,0.716939954260504,0.0721949882352941,1.01359180210753,-0.285199638075269,0.624486175688173,0.582636645172043,1.01684398822,-0.3871716032,0.52789204964,0.72237445706,1.00801444872,0.26435379636,0.88728115352,0.32212960376,1.10339091336364,0.431085415090909,0.984100293727273,0.208240338545455,1.012888899125,0.34771111975,0.933022791,0.114225129375,1.1002492695,0.21659786625,1.02870168975,0.322839519,0.993777016,0.169495353,0.962930123,0.177847298,0.953421141,0.1487383135,0.933207025,0.125770465,0,0,0,0,0,0,0,0,0,0,0,0,1.003557108,0.109066575,0.982336113,0.173916971
1,0,0,0,0,0,0,0,0,0,0,0,0,0,0,0,0,0,0,0,0,0,0,0,0,0,0,0,0,0,0,0,0,0,0,0,0,0,0,0,0,0,0,0,0,0,0,0,0,0,0,0,0,0,0,0,0,0,0,0,0,0,0,0,0,0,0,0,0,0,0,0,0,1.00991782080198,0.145784488108911,0.937592160940594,0.336381027861386,1.06746509504061,0.230853095182741,0.402413366472081,-0.214505827563452,1.08134629296226,-0.0672628196509434,0.250002170056604,-1.01060619511321,1.0539554504902,0.0074656947254902,0.833629106882353,-0.494681749627451,1.01794257645833,0.0865490765416667,0.975662745125,0.090520344375,0.975767812333333,0.209719793916667,0.782749193416667,0.330127000166667,1.03527773583333,0.298786736166667,0.923544971,0.3561858875,0.9114860265,0.30281941575,0.76856316925,0.3845579355,0.919979846,0.2861769375,0.801663892,0.342798211,0,0,0,0,0,0,0,0,0.854315463,0.198481515,0.793189124,0.247610603,0,0,0,0,0.857646524,0.18153198,0.803997524,0.237047849
1,0,0,0,0,0,0,0,0,0,0,0,0,0,0,0,0,0,0,0,0,0,0,0,0,0,0,0,0,0,0,0,0,0,0,0,0,0,0,0,0,0,0,0,0,0,0,0,0,0,0,0,0,0,0,0,0,0,0,0,0,0,0,0,0,0,0,0,0,0,0,0,0,1.00976056193737,-0.977016237373737,0.135101997913131,0.121448864430303,1.00169031726145,-0.532029934104963,0.469595178748092,-0.067689387062977,0.995522179,0.107763491977186,0.987854238403044,0.0360214187794679,0.995776345099237,0.097440059465649,0.990763649618319,0.0204109065648855,0.996678241707692,0.0998722932307693,0.991391224615385,0.0214843794615384,0.996774404909091,0.096901623030303,0.991802793939394,0.0208925236363636,0.9950623260625,0.0983886575,0.989990225,0.019287114375,0.996074958875,0.0956420925,0.9912109125,0.02197266125,0.9917869614,0.099804676,0.98652342,0.02070313,0.991669858,0.090820315,0.98730465,0.019531255,0.992121189,0.09667969,0.9873047,0.01367188,0,0,0,0,0,0,0,0,1.003738055,0.09667969,0.9990234,0.009765625
1,0,0,0,0,0,0,0,0,0,0,0,0,0,0,0,0,0,0,0,0,0,0,0,0,0,0,0,0,0,0,0,0,0,0,0,0,0,0,0,0,0,0,0,0,0,0,0,0,0,0,0,0,0,0,0,0,0,0,0,0,0,0,0,0,0,0,0,0,0,0,0,0,1.01266586224797,-0.978890749390242,0.095237668335366,0.176899731432927,1.00410038324427,-0.899901403625953,0.231799412290076,-0.0019093303492367,1.00064170831939,0.223289354524715,0.916685856653994,-0.264668871863117,0.998952709961832,0.132659695419847,0.95967394351145,-0.24308208778626,0.998667906153846,0.130025563076923,0.959532758461539,-0.244290889230769,0.999410448878788,0.129808845454545,0.959265509090909,-0.248461193939394,0.998286174625,0.13159181875,0.9575195375,-0.24975588125,0.999395036777778,0.129611555555556,0.960449233333333,-0.243923644444444,0.99944021625,0.127441425,0.95947265,-0.249023475,0.9953953565,0.1235352,0.956543,-0.24609375,1.084194058,0.1079102,1.041504,-0.28125,0,0,0,0,0,0,0,0,0.983470974,0.1157227,0.940918,-0.2617188
1,0,0,0,0,0,0,0,0,0,0,0,0,0,0,0,0,0,0,0,0,0,0,0,0,0,0,0,0,0,0,0,0,0,0,0,0,0,0,0,0,0,0,0,0,0,0,0,0,0,0,0,0,0,0,0,0,0,0,0,0,0,0,0,0,0,0,0,0,0,0,0,0,1.00071098446764,-0.972729633820458,0.100046687446764,0.122287436594989,1.01920124967557,-0.436520640940838,-0.260347090284351,0.65666373110687,1.00680957274905,-0.0583579654030415,-0.538026522053232,0.848079530418251,1.00604987251145,-0.0510458919160306,-0.520724003053435,0.85884943129771,1.12597678044615,-0.0709284843076923,-0.501044178461539,0.999887384615385,1.06175363518182,-0.292569248484848,-0.25115413030303,0.98194840909091,0.8645624584375,-0.31695555625,-0.118926995625,0.79254150625,0.687183824375,-0.2841796875,-0.0642089925,0.620361325,0.5605795612,-0.16728516,0.018554684,0.5265625,0.6254922,-0.24609375,0.03833008,0.5732422,0.679173071,-0.3486328,-0.04589844,0.5810547,0,0,0,0,0,0,0,0,0.71354065,-0.3720703,-0.07275391,0.6044922
1,0,0,0,0,0,0,0,0,0,0,0,0,0,0,0,0,0,0,0,0,0,0,0,0,0,0,0,0,0,0,0,0,0,0,0,0,0,0,0,0,0,0,0,0,0,0,0,0,0,0,0,0,0,0,0,0,0,0,0,0,0,0,0,0,0,0,0,0,0,0,0,0,1.05757872042424,-0.258396671030303,1.00791301384848,-0.136377881757576,1.09863714785714,-0.253762266728571,1.02802967389286,-0.219359622942857,1.16096206359722,0.298606472430556,0.638935698861111,-0.783215978458333,1.14250808684848,0.487159569484849,0.156930216848485,-1.02100666015152,1.12998567057895,0.477470091105263,0.157756086947368,-1.01190406657895,1.12962991936364,0.479164926909091,0.160138495363636,-1.010339693,1.132132183,0.478271671,0.158277545,-1.013860611,1.1314716,0.479172371,0.160733999333333,-1.01230485666667,0,0,0,0,0,0,0,0,0,0,0,0,0,0,0,0,0,0,0,0,1.132267128,0.483921516,0.159915181,-1.011076629
1,0,0,0,0,0,0,0,0,0,0,0,0,0,0,0,0,0,0,0,0,0,0,0,0,0,0,0,0,0,0,0,0,0,0,0,0,0,0,0,0,0,0,0,0,0,0,0,0,0,0,0,0,0,0,0,0,0,0,0,0,0,0,0,0,0,0,0,0,0,0,0,0,1.10540786294595,-0.202217096297297,1.03821491785586,-0.260678497900901,1.09700240832192,-0.192082956267123,1.02637899418493,-0.302127065664384,1.1604343015493,-0.00249105230985914,0.882569466464789,-0.662464232985915,1.1387570578718,0.410334960282051,0.42904180525641,-0.950439997333334,1.14855165613636,0.661355683136363,0.203472583909091,-0.913119927409091,1.09716619755556,0.628306446666667,0.121103201777778,-0.890492012444445,1.138434943,0.63824826325,0.1265074015,-0.9340053725,1.085023983,0.605761654333333,0.124869765,-0.891365418333333,1.095950205,0.618289571,0.11471642,-0.897588436,0,0,0,0,0,0,0,0,0,0,0,0,0,0,0,0,1.086780233,0.61460489,0.114225129,-0.888990846
0,0,0,0,0,0,0,0,0,0,0,0,0,0,0,0,0,0,0,0,0,0,0,0,0,0,0,0,0,0,0,0,0,0,0,0,0,0,0,0,0,0,0,0,0,0,0,0,0,0,0,0,0,0,0,0,0,0,0,0,0,0,0,0,0,0,0,0,0,0,0,0,0,0,0,0,0,1.01644611209302,0.150974829767442,0.992453278139535,0.118361113488372,1.00584702797297,0.0994299712162162,0.957658705135135,0.102171904594595,1.4431706515,0.167081887,0.0776915110000002,0.78835605075,1.124968212,0.496302048,-0.336517876666667,0.930455794666667,1.07011816555556,0.242233697777778,-0.355285188888889,0.978323902222222,1.05739866666667,0.100673688333333,-0.247610601666667,1.02241726,1.07979633,0.0908888133333333,-0.32572585,1.02475089333333,1.050800045,0.16495091,-0.290107265,0.99621508,0,0,0,0,0,0,0,0,0,0,0,0,0,0,0,0,1.08690837,0.196762,-0.36773122,1.00370727
0,0,0,0,0,0,0,0,0,0,0,0,0,0,0,0,0,0,0,0,0,0,0,0,0,0,0,0,0,0,0,0,0,0,0,0,0,0,0,0,0,0,0,0,0,0,0,0,0,0,0,0,0,0,0,0,0,0,0,0,0,0,0,0,0,0,0,0,0,0,0,0,0,0,0,0,0,0,0,0,0,1.02234398590164,0.399608753114754,0.905642384590164,0.238123050819672,1.29233967290323,0.233870306774194,0.293142173548387,0.735066243870968,1.1614796125,0.350916794,-0.6512429075,0.8498226805,1.08679434375,0.23781549125,-0.506674425,0.92853976,1.088437918,0.360509248,-0.527548146,0.880982806,1.11343366,0.39155883,-0.523224786666667,0.901436883333333,1.12219648,0.39352399,-0.52592689,0.90987071,0,0,0,0,0,0,0,0,0,0,0,0,0,0,0,0,1.10741217,0.39991078,-0.53329625,0.88432358
0,0,0,0,0,0,0,0,0,0,0,0,0,0,0,0,0,0,0,0,0,0,0,0,0,0,0,0,0,0,0,0,0,0,0,0,0,0,0,0,0,0,0,0,0,0,0,0,0,0,0,0,0,0,0,0,0,0,0,0,0,0,0,0,0,0,0,0,0,0,0,0,0,1.04852293823529,0.236021919411765,1.01965977,-0.00832304529411765,1.02832113139073,0.210817471192053,0.986674764370861,0.0623288702649007,1.1647393796,0.1570951716,0.4496621652,0.511918545866667,1.10335889117647,0.377990533235294,-0.0630152802941176,1.00817945852941,1.06596844117647,0.301175758235294,-0.0431757982352941,1.01850379117647,1.062681953,0.270480195,-0.034021892,1.026822502,1.07843845666667,0.292031486666667,-0.104317428333333,1.026716055,1.06611459,0.26406885,-0.0805717,1.02974568,1.067676115,0.254488675,-0.08929212,1.032693425,0,0,0,0,0,0,0,0,1.06737119,0.24392592,-0.06460475,1.03711505,0,0,0,0,1.05403527,0.23090671,-0.03660117,1.02778052
0,0,0,0,0,0,0,0,0,0,0,0,0,0,0,0,0,0,0,0,0,0,0,0,0,0,0,0,0,0,0,0,0,0,0,0,0,0,0,0,0,0,0,0,0,0,0,0,0,0,0,0,0,0,0,0,0,0,0,0,0,0,0,0,0,0,0,0,0,0,0,0,0,0,0,0,0,0,0,0,0,0.963398381395349,0.368542424883721,0.750355414186047,0.421350480465116,1.47068105324324,0.159025546756757,-0.535374277567568,1.03620549378378,1.092414492,0.2749632235,-0.6062160985,0.8535687735,1.10747026888889,0.342729975555556,-0.635675808888889,0.836340838888889,1.092151365,0.275737005,-0.6147277125,0.857302585,1.103530305,0.351518625,-0.58525026,0.866882755,1.10978611,0.401139,-0.5600716,0.87007615,0,0,0,0,0,0,0,0,0,0,0,0,0,0,0,0,1.11346203,0.39868255,-0.56375628,0.87351518
0,0,0,0,0,0,0,0,0,0,0,0,0,0,0,0,0,0,0,0,0,0,0,0,0,0,0,0,0,0,0,0,0,0,0,0,0,0,0,0,0,0,0,0,0,0,0,0,0,0,0,0,0,0,0,0,0,0,0,0,0,0,0,0,0,0,0,0,0,0,0,0,0,0,0,0,0,1.03404424205882,0.00840974382352941,0.960220799117647,0.339135203529412,0.984293065189873,0.0751208630379747,0.950287155949367,0.145910281518987,1.71827444947368,0.288665712631579,-0.235360653157895,0.540012712894737,1.16446044909091,0.180404244545455,-0.895980575,0.630504848636364,1.066417137,0.832197621,0.062369378,0.556534308,1.1374183175,0.691614735,-0.3284893625,0.79030279,1.06536441,0.67184028,-0.20093797,0.80203236,1.10367908,0.79097832,-0.2341001,0.73325164,0,0,0,0,0,0,0,0,0,0,0,0,0,0,0,0,1.12231391,0.82979029,-0.2286959,0.72023243
0,0,0,0,0,0,0,0,0,0,0,0,0,0,0,0,0,0,0,0,0,0,0,0,0,0,0,0,0,0,0,0,0,0,0,0,0,0,0,0,0,0,0,0,0,0,0,0,0,0,0,0,0,0,0,0,0,0,0,0,0,0,0,0,0,0,0,0,0,0,0,0,0,0,0,0,0,0,0,0,0,1.01292699607843,0.132484773333333,0.667514990980392,0.703605604117647,1.59459730710526,0.290895915526316,-0.918080436052632,0.576652669473684,1.13884777,0.871959428571429,-0.279649787142857,0.589806398095238,1.09781565555556,0.735216801111111,-0.492109697777778,0.646347738888889,1.1169373475,0.6350548725,-0.608525165,0.6873773525,1.1216045,0.612230316666667,-0.601176273333333,0.722279476666667,1.1071458,0.63474782,-0.54336771,0.72637356,0,0,0,0,0,0,0,0,0,0,0,0,0,0,0,0,1.11454967,0.65145171,-0.55835208,0.71138919
0,0,0,0,0,0,0,0,0,0,0,0,0,0,0,0,0,0,0,0,0,0,0,0,0,0,0,0,0,0,0,0,0,0,0,0,0,0,0,0,0,0,0,0,0,0,0,0,0,0,0,0,0,0,0,0,0,0,0,0,0,0,0,0,0,0,0,0,0,0,0,0,0,0,0,0,0,1.02362082109375,-0.4656785040625,0.871972223125,-0.14106956984375,1.05758802110092,-0.435581198256881,0.800558487614679,-0.312983840458716,1.66131534403509,-0.453913985614035,-0.379798016666667,-0.820817772456141,1.11734431724138,-0.119146508965517,-1.04669521827586,0.207655101724138,1.048957074,-0.603632727333333,-0.770327721333333,0.329263148,1.08428757142857,-0.793750598571428,-0.706335915714286,0.200727415714286,1.06834599333333,-0.871713783333333,-0.614277363333333,0.0171132966666667,1.096030015,-0.865900175,-0.671226165,-0.02714382,1.1123515,-0.87572599,-0.68043787,-0.08622155,0,0,0,0,0,0,0,0,0,0,0,0,1.13335719,-0.89071036,-0.68780723,-0.13436806
0,0,0,0,0,0,0,0,0,0,0,0,0,0,0,0,0,0,0,0,0,0,0,0,0,0,0,0,0,0,0,0,0,0,0,0,0,0,0,0,0,0,0,0,0,0,0,0,0,0,0,0,0,0,0,0,0,0,0,0,0,0,0,0,0,0,0,0,0,0,0,0,0,0,0,0,0,0,0,0,0,1.06019746210526,-0.850456833947368,0.00483533657894738,0.62344166131579,1.10126613135135,-0.56420774054054,0.470610188918919,0.530707012432432,1.239006305,0.118974273888889,-0.125715876666667,1.13288947277778,1.083557494,0.46539985,0.046967408,0.926451776,0.997278051666667,0.388611085,0.52478054,0.737959841666667,1.138442135,0.48355305,0.779187335,0.671471805,1.075462145,0.432213155,0.682280205,0.709178385,1.23222405,0.6357304,0.74356875,0.74921859,0,0,0,0,0,0,0,0,0,0,0,0,1.25755246,0.651943,0.71826727,0.80031284
0,0,0,0,0,0,0,0,0,0,0,0,0,0,0,0,0,0,0,0,0,0,0,0,0,0,0,0,0,0,0,0,0,0,0,0,0,0,0,0,0,0,0,0,0,0,0,0,0,0,0,0,0,0,0,0,0,0,0,0,0,0,0,0,0,0,0,0,0,0,0,0,0,0,0,0,0,1.07338238322314,0.839074068842975,0.363965336363636,-0.0899894658677686,1.25934801637681,0.431634637681159,0.242288285362319,0.433361276231884,1.10527770138889,0.474402755277778,-0.206212523055556,0.922514625,1.08378877625,0.53664316875,-0.1923864375,0.92120110375,1.07441561833333,0.512743913333333,-0.182596443333333,0.926042366666667,1.067320648,0.474930892,-0.119334554,0.94809314,1.09119639,0.428241883333333,-0.0863034333333333,0.999695056666667,1.06546574,0.39499787,-0.01277356,0.98945983,0,0,0,0,0,0,0,0,0,0,0,0,0,0,0,0,1.07058004,0.45763745,0.04347924,0.96686045
0,0,0,0,0,0,0,0,0,0,0,0,0,0,0,0,0,0,0,0,0,0,0,0,0,0,0,0,0,0,0,0,0,0,0,0,0,0,0,0,0,0,0,0,0,0,0,0,0,0,0,0,0,0,0,0,0,0,0,0,0,0,0,0,0,0,0,0,0,0,0,0,0,0,0,0,0,0,0,0,0,1.09709752375,0.54635230475,0.72862122175,-0.4699565725,1.03479121275,0.5120540595,0.832817875,-0.22533056175,1.19679760333333,0.452233254444444,0.919014177777778,-0.487578903333333,1.09050136375,0.4336256125,0.90544909125,-0.422725095,1.1528199,0.469147698571429,0.99135481,-0.342113912857143,0.987667845,0.39155883,0.87818245,-0.21887009,0,0,0,0,0,0,0,0,0,0,0,0,0,0,0,0,0,0,0,0,0.97969487,0.42251016,0.88383229,-0.01129969
0,0,0,0,0,0,0,0,0,0,0,0,0,0,0,0,0,0,0,0,0,0,0,0,0,0,0,0,0,0,0,0,0,0,0,0,0,0,0,0,0,0,0,0,0,0,0,0,0,0,0,0,0,0,0,0,0,0,0,0,0,0,0,0,0,0,0,0,0,0,0,0,0,0,0,0,0,0.99575868,-0.205464864285714,0.840949615714286,0.39569971,1.02285328934211,-0.0638678146052632,0.924648221052632,0.277110680789474,1.34119096305556,-0.191992381111111,-0.534156008055556,0.628006213611111,1.15401749722222,-1.00404844055556,-0.366366527222222,-0.254161148333333,1.05257337909091,-0.904131537272727,0.126127767272727,0.457525797272727,1.02774745,-0.995551836,-0.037190722,0.192635154,1.160306375,-1.152568405,0.05367353,-0.118278275,1.04463654,-1.04423876,0.02874052,0.00221081,0,0,0,0,1.04480133,-1.04399312,0.03660117,0.01866905,0,0,0,0,0,0,0,0,1.06329098,-1.06241653,0.04077714,0.01400179
0,0,0,0,0,0,0,0,0,0,0,0,0,0,0,0,0,0,0,0,0,0,0,0,0,0,0,0,0,0,0,0,0,0,0,0,0,0,0,0,0,0,0,0,0,0,0,0,0,0,0,0,0,0,0,0,0,0,0,0,0,0,0,0,0,0,0,0,0,0,0,0,0,0,0,0,0,0,0,0,0,0.977385384745763,-0.597509632881356,0.494047104237288,0.35236797440678,1.45462532794872,-0.467633333846154,-0.550472533589744,0.74872729974359,1.07624148714286,-0.497806332380952,-0.488998188571429,0.816197914285714,1.08868103363636,-0.465386451818182,-0.323492713636364,0.928472768181818,1.0448332025,-0.4564092275,-0.3012841325,0.8894207275,1.07135349,-0.4470747,-0.345254665,0.90999353,1.09843816,-0.49595814,-0.38394382,0.90176441,0,0,0,0,0,0,0,0,0,0,0,0,0,0,0,0,1.07030334,-0.53648964,-0.31933907,0.86933921
0,0,0,0,0,0,0,0,0,0,0,0,0,0,0,0,0,0,0,0,0,0,0,0,0,0,0,0,0,0,0,0,0,0,0,0,0,0,0,0,0,0,0,0,0,0,0,0,0,0,0,0,0,0,0,0,0,0,0,0,0,0,0,0,0,0,0,0,0,0,0,0,0,0,0,0,0,0,0,0,0,1.02746614916667,0.104100443166667,0.964840016666666,0.248024106416667,1.79360840571429,0.725454149285714,-0.313173371285714,0.183686641428571,1.21577754,0.991005019354838,-0.270772590645161,0.358840441935484,1.27130308105263,1.10726621157895,-0.185436448421053,0.577034066842105,1.18394863,1.01080027875,-0.0129885025,0.5923125675,1.3307907675,1.111484205,0.039426095,0.729075665,1.24981708,1.10368496,0.089783405,0.579477595,1.104387125,0.906186025,0.05502458,0.62504482,1.09377683,0.76739635,0.04298795,0.77820475,0,0,0,0,0,0,0,0,1.05687348,0.60379649,0.02235374,0.8671284
0,0,0,0,0,0,0,0,0,0,0,0,0,0,0,0,0,0,0,0,0,0,0,0,0,0,0,0,0,0,0,0,0,0,0,0,0,0,0,0,0,0,0,0,0,0,0,0,0,0,0,0,0,0,0,0,0,0,0,0,0,0,0,0,0,0,0,0,0,0,0,0,0,0,0,0,0,0,0,0,0,1.04969914,0.0454853483333333,0.922889916666667,-0.497759543333333,1.00218550439394,0.173153981666667,0.926541100909091,-0.256576661666667,1.72769850714286,-0.620093311142857,0.461062452857143,1.03144414485714,0.965489234666667,-0.702071042,-0.103482236,0.463811342666667,0.959145185555556,-0.56359252,0.155138742222222,0.748399773333333,0.9852683575,-0.4901240625,0.33813095,0.7766080575,1.07227818666667,-0.547543683333333,0.184315963333333,0.902173816666667,0,0,0,0,0.90738011,-0.4389684,0.20978121,0.76592248,0,0,0,0,0,0,0,0,0.87200097,-0.39966513,0.2422064,0.73619938
0,0,0,0,0,0,0,0,0,0,0,0,0,0,0,0,0,0,0,0,0,0,0,0,0,0,0,0,0,0,0,0,0,0,0,0,0,0,0,0,0,0,0,0,0,0,0,0,0,0,0,0,0,0,0,0,0,0,0,0,0,0,0,0,0,0,0,0,0,0,0,0,0,0,0,0,0,0,0,0,0,1.00956021307692,0.0766905063076923,0.954850277846154,0.264707526,1.52529108808219,0.660692012876712,-0.0118313612328767,0.141047592054794,1.36539977914286,0.861071486857143,-0.487206146857143,0.565061714285714,1.42648382058824,0.790949415882353,-0.249373471176471,1.13720833764706,1.10061465166667,0.674173908333333,-0.0664470933333333,0.865122296666667,1.1983257075,0.51296909,0.069763305,1.076663965,1.26658046,0.59507608,-0.08474768,1.112896665,1.20242426,0.46623504,-0.23434575,1.08329639,0,0,0,0,0,0,0,0,0,0,0,0,1.16977932,0.543859,-0.16384551,1.02262196
0,0,0,0,0,0,0,0,0,0,0,0,0,0,0,0,0,0,0,0,0,0,0,0,0,0,0,0,0,0,0,0,0,0,0,0,0,0,0,0,0,0,0,0,0,0,0,0,0,0,0,0,0,0,0,0,0,0,0,0,0,0,0,0,0,0,0,0,0,0,0,0,0,0,0,0,0,0,0,0,0,1.05921766923077,0.0900385007692308,0.877426613076923,-0.586166705384615,0.91781192117647,0.229418390588235,0.846234089705882,-0.187095126176471,1.48425509393939,-1.02117786818182,0.0858121409090909,0.59132067969697,1.2008823716,-0.7082351052,0.1345842236,0.9393678124,1.07715452333333,-0.721733594444445,0.15519333,0.783008485555556,1.09829323666667,-0.727110503333333,0.18980204,0.800394726666667,1.08787947,-0.7514294,0.28715952,0.732269055,1.04812928,-0.69787869,0.26234933,0.73669067,1.06342686,-0.72342582,0.24441721,0.74012971,0,0,0,0,0,0,0,0,1.13801904,-0.78066121,0.23606527,0.79368042
0,0,0,0,0,0,0,0,0,0,0,0,0,0,0,0,0,0,0,0,0,0,0,0,0,0,0,0,0,0,0,0,0,0,0,0,0,0,0,0,0,0,0,0,0,0,0,0,0,0,0,0,0,0,0,0,0,0,0,0,0,0,0,0,0,0,0,0,0,0,0,0,0,0,0,0,0,0,0,0,0,1.0084457261,0.0023680219,0.9860134251,0.1717724864,1.12960106295082,0.261660716885246,0.389102376393443,0.48789211295082,1.530644457,0.834572192,-0.626649705666667,0.806494919666667,1.016421534375,0.41150217,-0.26373108375,0.882082066875,1.05976364333333,0.46332824,-0.409122476666667,0.858203285,1.12379009333333,0.488916306666667,-0.311724063333333,0.96194754,1.17231974,0.50836324,-0.28458024,1.017217765,1.12955827,0.46353294,-0.30042437,0.98528386,1.08010177,0.40408675,-0.32719973,0.94671752,0,0,0,0,0,0,0,0,1.0206955,0.34341232,-0.36429219,0.88948214
0,0,0,0,0,0,0,0,0,0,0,0,0,0,0,0,0,0,0,0,0,0,0,0,0,0,0,0,0,0,0,0,0,0,0,0,0,0,0,0,0,0,0,0,0,0,0,0,0,0,0,0,0,0,0,0,0,0,0,0,0,0,0,0,0,0,0,0,0,0,0,0,0,0,0,0,0,0,0,0,0,1.087451386,0.225977428,0.913342498,-0.542516141333333,0.939498751692308,0.183107889846154,0.879206599692308,-0.00963308,1.67340202655172,1.13044337241379,-0.641227772413793,0.141169893793103,1.177684905,1.038604271875,-0.211731015625,0.30701074125,1.08724800666667,1.06970400666667,-0.0489107366666667,0.158414013333333,1.08570692,1.065069498,-0.164877218,0.126998692,1.11139509333333,1.08526155333333,-0.132321006666667,0.196680116666667,1.12490072,1.07027718,-0.2183788,0.26873611,1.0851229,1.03858892,-0.21543105,0.22894155,0,0,0,0,0,0,0,0,1.0676121,1.0314652,-0.17072358,0.21616799
0,0,0,0,0,0,0,0,0,0,0,0,0,0,0,0,0,0,0,0,0,0,0,0,0,0,0,0,0,0,0,0,0,0,0,0,0,0,0,0,0,0,0,0,0,0,0,0,0,0,0,0,0,0,0,0,0,0,0,0,0,0,0,0,0,0,0,0,0,0,0,0,0,0,0,0,0,0,0,0,0,0.9715734405,0.00015045800000002,0.93870948275,0.115855600875,1.82657607590909,-0.434356965909091,-0.301790310151515,0.58902054530303,1.07975621486486,-0.493521605945946,-0.313244409459459,0.891241488918919,1.06182878777778,-0.315790859444444,-0.301188602777778,0.965495753333333,1.08202712,-0.38256206625,-0.34144716125,0.95233666375,1.1029310525,-0.325295975,-0.3907604825,0.9786514325,1.109712215,-0.31946189,-0.401139005,0.98405563,1.04376411,-0.27819346,-0.313934875,0.95543794,1.01588753,-0.27217515,-0.2557169,0.94475236,0,0,0,0,0,0,0,0,1.04514826,-0.29919615,-0.29158114,0.95801721
0,0,0,0,0,0,0,0,0,0,0,0,0,0,0,0,0,0,0,0,0,0,0,0,0,0,0,0,0,0,0,0,0,0,0,0,0,0,0,0,0,0,0,0,0,0,0,0,0,0,0,0,0,0,0,0,0,0,0,0,0,0,0,0,0,0,0,0,0,0,0,0,0,0,0,0,0,0,0,0,0,1.18045492044643,-0.655785593303571,0.6104793625,0.301874119285714,1.1410756987013,-0.480536713116883,-0.616014958051948,0.75923263012987,1.08761398787879,-0.706580497575758,-0.377333727272727,0.734494752424242,1.04439345625,-0.65069941625,-0.246551256875,0.773644959375,1.03360085888889,-0.611575262222222,-0.0476006277777778,0.824113155555555,1.028187696,-0.55147401,0.037878526,0.866686238,0.9931924525,-0.535814115,0.0456900525,0.83458038,0.94752518,-0.48785184,-0.02628406,0.81185818,0,0,0,0,0,0,0,0,0,0,0,0,0.9427359,-0.47802603,-0.01817776,0.81234947
0,0,0,0,0,0,0,0,0,0,0,0,0,0,0,0,0,0,0,0,0,0,0,0,0,0,0,0,0,0,0,0,0,0,0,0,0,0,0,0,0,0,0,0,0,0,0,0,0,0,0,0,0,0,0,0,0,0,0,0,0,0,0,0,0,0,0,0,0,0,0,0,0,0,0,0,0,0,0,0,0,0.941988282,-0.3669746344,0.8091560784,0.3050916364,0.9274701275,-0.1471147503125,0.82961373828125,0.25462301265625,1.82121579771429,-0.138670359714286,-0.704946264,1.10507461171429,1.16965743941176,-0.674903620588235,-0.582381988235294,0.729566955882353,1.1195794725,-0.64638526875,-0.5325593125,0.7423098125,1.1059197025,-0.6231410675,-0.580521585,0.7054322925,1.07823408,-0.55352106,-0.574974093333333,0.724490283333333,1.10852063,-0.54312207,-0.648626785,0.716302105,1.1345204,-0.55245659,-0.6654535,0.73423422,0,0,0,0,0,0,0,0,1.1282855,-0.5573695,-0.65169735,0.73325164
0,0,0,0,0,0,0,0,0,0,0,0,0,0,0,0,0,0,0,0,0,0,0,0,0,0,0,0,0,0,0,0,0,0,0,0,0,0,0,0,0,0,0,0,0,0,0,0,0,0,0,0,0,0,0,0,0,0,0,0,0,0,0,0,0,0,0,0,0,0,0,0,0,0,0,0,0,0,0,0,0,1.055828188,-0.871844794,0.591366832,-0.065439944,1.01290051357143,-0.474625591,0.567925238142857,0.105532790142857,1.823371994,1.126130812,0.12036012425,-0.48987227675,1.08465950833333,1.02162573611111,0.118073575,0.326394555,1.10015013111111,0.954851117777778,0.248866123333333,0.483239168888889,1.1626622025,0.93167174,0.2714382125,0.639722135,1.137205875,0.885306165,0.287405165,0.65317122,1.13257437,0.89169295,0.27266644,0.64285412,0,0,0,0,0,0,0,0,0,0,0,0,1.10585236,0.86196985,0.29379195,0.62737845
0,0,0,0,0,0,0,0,0,0,0,0,0,0,0,0,0,0,0,0,0,0,0,0,0,0,0,0,0,0,0,0,0,0,0,0,0,0,0,0,0,0,0,0,0,0,0,0,0,0,0,0,0,0,0,0,0,0,0,0,0,0,0,0,0,0,0,0,0,0,0,0,0,0,0,0,0,0,0,0,0,1.03154721892308,-0.163924871230769,0.928411270307692,-0.336723209538462,1.07504612773333,-0.386518186266667,0.481055652133333,-0.246870391866667,1.59922806829268,-0.207186950731707,-0.625041826097561,-1.27234152512195,1.122845075,-0.1101596985,-0.4617028855,-1.016358007,1.17091215,-0.101721776,-0.588910376,-1.006384802,1.16570430333333,-0.0824959266666667,-0.652065821666667,-0.961128725,1.14647105666667,-0.11561712,-0.566540263333333,-0.98937795,1.12771894,-0.17661907,-0.56645838,-0.9589998,0,0,0,0,0,0,0,0,0,0,0,0,1.14724471,-0.1886557,-0.54557852,-0.99142499
0,0,0,0,0,0,0,0,0,0,0,0,0,0,0,0,0,0,0,0,0,0,0,0,0,0,0,0,0,0,0,0,0,0,0,0,0,0,0,0,0,0,0,0,0,0,0,0,0,0,0,0,0,0,0,0,0,0,0,0,0,0,0,0,0,0,0,0,0,0,0,0,0,0,0,0,0,0,0,0,0,1.19249572368421,0.606278802631579,0.821981355438596,-0.599055964210526,1.22830918166667,-0.0693889883333333,0.705227586428572,0.442135472142857,1.03971558195122,0.259665203414634,0.703163066097561,0.714504696341463,1.03356074608696,0.275624863478261,0.698402024782609,0.705141254347826,1.053755233,0.298704855,0.800755005,0.612713419,1.031397068,0.323367656,0.848066316,0.485690162,1.05997181,0.269554926666667,0.8815396,0.52256973,1.09456658,0.24232923,0.902378525,0.5697746,0,0,0,0,0,0,0,0,0,0,0,0,1.1333476,0.27954451,0.95408689,0.54410465
0,0,0,0,0,0,0,0,0,0,0,0,0,0,0,0,0,0,0,0,0,0,0,0,0,0,0,0,0,0,0,0,0,0,0,0,0,0,0,0,0,0,0,0,0,0,0,0,0,0,0,0,0,0,0,0,0,0,0,0,0,0,0,0,0,0,0,0,0,0,0,0,0,0,0,0,0,0,0,0,0,1.03445144,0.149321721484375,0.96515436578125,0.168856291484375,1.50756450857143,0.428542116666667,-0.156569724761905,1.00349671285714,1.08543303,0.501578211818182,0.0472383621212121,0.946769631515152,1.140414494375,0.447980516875,-0.016657831875,1.040692256875,1.24719417857143,0.513328784285714,0.239714857142857,1.10533429142857,1.3165655475,0.5914528075,0.4325202075,1.0934292625,1.27742253,0.55818832,0.407198256666667,1.07379809666667,1.29843191,0.484781275,0.39290988,1.138566615,0,0,0,0,0,0,0,0,0,0,0,0,1.27487733,0.45002245,0.38566334,1.12874079
0,0,0,0,0,0,0,0,0,0,0,0,0,0,0,0,0,0,0,0,0,0,0,0,0,0,0,0,0,0,0,0,0,0,0,0,0,0,0,0,0,0,0,0,0,0,0,0,0,0,0,0,0,0,0,0,0,0,0,0,0,0,0,0,0,0,0,0,0,0,0,0,0,0,0,0,0,0,0,0,0,1.05858029857143,0.000276350535714275,0.934645805178571,-0.3945109625,1.3260285971831,-0.398554535492958,-0.107360895492958,0.671020306056338,1.05875566294118,-0.282600628235294,-0.185520106764706,0.998107995882353,1.13973859875,-0.4204068175,-0.1645210325,1.044622584375,1.14424047666667,-0.461076488888889,0.03867551,1.04576722555556,1.19941401333333,-0.484740333333333,0.13633322,1.08820929666667,1.19212534666667,-0.402121583333333,0.165974433333333,1.10974421333333,1.254734,-0.437371705,0.19160344,1.160306235,1.25308374,-0.4308621,0.18742747,1.16165728,0,0,0,0,0,0,0,0,1.23919048,-0.38590899,0.17588213,1.16435938
0,0,0,0,0,0,0,0,0,0,0,0,0,0,0,0,0,0,0,0,0,0,0,0,0,0,0,0,0,0,0,0,0,0,0,0,0,0,0,0,0,0,0,0,0,0,0,0,0,0,0,0,0,0,0,0,0,0,0,0,0,0,0,0,0,0,0,0,0,0,0,0,0,0,0,0,0,0.997467424705882,-0.316181804705882,0.929666841764706,0.140978808235294,1.04035325092308,-0.0255206715384616,0.645977591538462,0.305879590692308,1.38371138109375,0.7904947003125,-0.073317486875,1.07225769625,1.09177121628571,0.483100358285714,0.176282185428571,0.882302271142857,1.00093423076923,0.0811196807692308,0.41128605,0.784742701538461,1.067120615,0.284662123333333,0.388406381666667,0.92342215,1.02045708333333,0.405642503333333,0.629998673333333,0.68870793,1.005595295,0.50259057,0.60023463,0.63106313,1.00313748,0.51364461,0.63229136,0.58537308,0,0,0,0,0,0,0,0,0,0,0,0,1.0169356,0.52862899,0.68559642,0.53354189
0,0,0,0,0,0,0,0,0,0,0,0,0,0,0,0,0,0,0,0,0,0,0,0,0,0,0,0,0,0,0,0,0,0,0,0,0,0,0,0,0,0,0,0,0,0,0,0,0,0,0,0,0,0,0,0,0,0,0,0,0,0,0,0,0,0,0,0,0,0,0,0,0,0,0,0,0,0,0,0,0,1.04760374186047,-0.382064348604651,0.934463815813954,-0.260464144186047,0.958661028548387,-0.237515368064516,0.71170615483871,-0.0279798082258065,1.73665613393939,0.160317146666667,-0.806297657575758,1.31573652515151,1.084893790625,0.21245259875,-0.332312221875,1.006992773125,1.14655323666667,0.213929883333333,-0.394342811111111,1.05398269888889,1.253469855,0.24159229,-0.42048358,1.152568405,1.26673735,0.18546231,-0.36257267,1.19948668,1.189074,0.11471642,-0.28126403,1.14962066,1.17561147,0.13657886,-0.23753914,1.14323388,0,0,0,0,0,0,0,0,1.16702906,0.1481242,-0.23655656,1.13316241
0,0,0,0,0,0,0,0,0,0,0,0,0,0,0,0,0,0,0,0,0,0,0,0,0,0,0,0,0,0,0,0,0,0,0,0,0,0,0,0,0,0,0,0,0,0,0,0,0,0,0,0,0,0,0,0,0,0,0,0,0,0,0,0,0,0,0,0,0,0,0,0,0,0,0,0,0,0,0,0,0,1.01762497375839,-0.323762338255034,0.875724343422819,0.356640908456376,1.63923138661765,0.783298283088235,-0.388130631617647,0.618329308088235,1.08075805484848,0.752151448181818,0.0343010363636364,0.72689463,1.14112827722222,0.774247131666667,-0.0612066555555556,0.832014751111111,1.17068114375,0.71436764375,0.05235318625,0.9227978,1.27692491333333,0.7298126,0.182678323333333,1.03113767333333,1.249055335,0.70635346,0.190743685,1.01193639,1.21306832,0.69566788,0.27119257,0.95605205,0,0,0,0,0,0,0,0,0,0,0,0,1.21952303,0.72096937,0.31295229,0.93247009
0,0,0,0,0,0,0,0,0,0,0,0,0,0,0,0,0,0,0,0,0,0,0,0,0,0,0,0,0,0,0,0,0,0,0,0,0,0,0,0,0,0,0,0,0,0,0,0,0,0,0,0,0,0,0,0,0,0,0,0,0,0,0,0,0,0,0,0,0,0,0,0,0,0,0,0,0,0,0,0,0,0.995521561041667,-0.462494069375,0.871601195833333,0.0243342520833333,1.21719704136364,0.287078567272727,0.0916983261363636,0.574829869204545,1.1794754765,0.701336153,-0.01230683675,0.93562663275,1.0086652445,0.598404573,0.1871695435,0.788214803,1.064772235,0.549754493333333,0.27680147,0.866309585,1.10465369333333,0.509345818333333,-0.00102352166666666,0.967883973333333,1.077123995,0.389962135,-0.203025955,0.981722,1.03782154,0.11889239,-0.13485935,1.02213067,0,0,0,0,0,0,0,0,0,0,0,0,1.06370145,-0.00958017,-0.24146947,1.03588682
