1,0,0,0,0,0,0,0,0,0,0,0,0,0,0,0,0,0,0,0,0,0,0,0,0,0,0,0,0,0,0,0,0,0,0,0,0,0,0,0,0,0,0,0,0,0,0,0,0,0,0,0,0,0,0,0,0,0,0,0,0,0,0,0,0,0,0,0,0,0,0,0,0,0,0,0,0,1.2685412032,-0.0744305682,1.2514652566,-0.1879678902,0.981980826304348,0.0063227,0.933538112391304,-0.280099882478261,1.02552707828571,-0.0515621475714286,1.02000174695238,-0.0873795920476191,1.04268949121053,0.0840883125789474,1.01249878710526,-0.192443808789474,0.95451357228,0.00865654528,0.94765097684,0.00408754012,0.940881445235294,-0.0719885636470588,0.918526097588235,-0.163123021647059,1.1144960553,-0.06580841335,1.0939451183,-0.11031936695,0.966816118157895,-0.0405961410526316,0.958792936789474,-0.0823687945789473,0.996588255777778,-0.110253861444444,0.911030700555556,-0.348720995444444,0.889411409809524,0.101276105619048,0.743662324761905,-0.448256137619048,1.00746434586364,0.178238097954545,0.628137720454545,-0.751038600045455,1.15494273127778,0.147851260722222,0.661222935444444,-0.929303991944444,1.21973471214286,0.219946247571429,0.726701092190476,-0.951431577095238
1,0,0,0,0,0,0,0,0,0,0,0,0,0,0,0,0,0,0,0,0,0,0,0,0,0,0,0,0,0,0,0,0,0,0,0,0,0,0,0,0,0,0,0,0,0,0,0,0,0,0,0,0,0,0,0,0,0,0,0,0,0,0,0,0,0,0,0,0,1.010628022,-0.214080000666667,0.973165349833333,-0.166916076,0.965949655833333,0.077429489625,0.946809641208333,-0.0258234769166667,0.995849155892857,0.0658329778214286,0.966009464214286,-0.169083019892857,0.994455981666667,0.0063321935,0.990319589666667,-0.0880229492222222,1.10762911366667,0.149130176571429,1.06807806866667,-0.160184221333333,0.938804407782609,0.149971880913044,0.916481774652174,-0.0678088215217391,1.02308120556522,0.0395275552608696,1.01123683286957,-0.0168320527391304,1.03214764872727,0.00021214831818182,1.02638480645455,-0.0493524020454546,0.918707459086957,0.0738217946956522,0.906463712782609,-0.0945948546521739,1.06733441233333,0.0727110500476191,1.03848364185714,-0.137631630619048,0.9518122469,-0.0704142652,0.89543903865,-0.2971572883,0.940385432416666,0.326626552875,0.731061298791666,-0.444720597916667,1.17541015757895,0.609381692157895,0.773188414105263,-0.628373963157895,1.07241660880952,0.732315845,0.452689452904762,-0.635075343238095,1.108920275375,0.751009755375,0.426553070583333,-0.691174620458333
1,0,0,0,0,0,0,0,0,0,0,0,0,0,0,0,0,0,0,0,0,0,0,0,0,0,0,0,0,0,0,0,0,0,0,0,0,0,0,0,0,0,0,0,0,0,0,0,0,0,0,0,0,0,0,0,0,0,0,0,0,0,0,0,0,0,0,0,0,1.20822346588889,-0.0312788526666667,1.20620099022222,-0.0186690534444444,1.00525129871429,0.0630840883333333,0.954086887333333,-0.270724669142857,1.00311689404167,-0.0310536777083333,1.00030917083333,-0.054860814875,1.00095313847368,0.0889882927368421,0.970661490157894,-0.128537208421053,1.10088174219048,-0.0870403674285714,1.08038373538095,-0.0738924876666667,0.9616541648,-0.0570265888,0.9431433831,-0.1414917732,1.10129575894118,0.0132215045294118,1.08543494888235,-0.146057888411765,1.04114679421739,-0.0606744236521739,0.995398042173913,-0.226442374304348,0.879140519315789,0.00138337168421053,0.818891394631579,-0.304315913473684,0.88999401052381,0.208354122380952,0.715179151333333,-0.478341855333333,1.08837273014286,0.261928223,0.773549186714286,-0.712675907285714,1.2036554278125,0.2438030988125,0.973584994,-0.656702377,1.04033276370588,0.210243596823529,0.885190566352941,-0.502113728235294,1.03028571372727,0.260674474136364,0.854723307090909,-0.508742871090909,1.18711053111765,0.309860047352941,0.996583548411765,-0.564305373647059
1,0,0,0,0,0,0,0,0,0,0,0,0,0,0,0,0,0,0,0,0,0,0,0,0,0,0,0,0,0,0,0,0,0,0,0,0,0,0,0,0,0,0,0,0,0,0,0,0,0,0,0,0,0,0,0,0,0,0,0,0,0,0,0,0,0,0,0,0,0,0,0,0,0,0,0,0,0,0,0,0,0.928695783,0.042680895125,0.8236645116875,-0.3642154226875,0.997619804190476,-0.0549894863333333,0.989646988952381,-0.107370451857143,1.0864700832381,0.0932750826190476,1.04999388547619,-0.204026083761905,1.0380567664,0.0133262651,1.0313178136,-0.04062975575,0.944483630444445,-0.0536189406666667,0.921006634722222,-0.172975330388889,1.08458811265217,0.0655659719130435,1.05092459165217,-0.215900980913043,0.953073086555556,0.0877363627777778,0.720969365166667,-0.531303791888889,1.07588833785185,0.403095068407407,0.226248547962963,-0.950020090592593,1.24981429784211,0.696960755631579,-0.314025372578947,-0.979918444631579,1.1928201471,0.6839874443,-0.42495432825,-0.87858776155,1.2292892086,0.7104925872,-0.2159837528,-0.97096272915,1.07751464021053,0.444501887157895,0.350238681947368,-0.894576047368421
1,0,0,0,0,0,0,0,0,0,0,0,0,0,0,0,0,0,0,0,0,0,0,0,0,0,0,0,0,0,0,0,0,0,0,0,0,0,0,0,0,0,0,0,0,0,0,0,0,0,0,0,0,0,0,0,0,0,0,0,0,0,0,0,0,0,0,0,0,1.0729331136,-0.0867128402,1.0518046432,-0.1929790572,1.03737359958333,0.1027616755,0.998712475458333,-0.158758600625,0.956022415047619,0.13000492452381,0.943220000952381,0.0170899040952381,1.16964773309524,0.0538899304285714,1.15718887628571,-0.0772496420476191,0.9235757184,-0.0443635664,0.89721996805,-0.15528476465,0.987180115047619,0.0577383757142857,0.969106351380953,-0.126425519571429,1.07685972583333,0.0598453702083333,1.036470226625,-0.217324567541667,0.9867901692,0.1055292809,0.9231478442,-0.28822807645,1.03811965265,0.3295579217,0.5780896953,-0.686185971,1.121279814875,0.6210530825625,0.3372251300625,-0.8595440988125,1.17855949755556,0.816416265333333,0.158878011555556,-0.830650053888889,1.20656013685714,0.839735425914286,0.132494131542857,-0.835573490428571,1.11257000857895,0.484335234578947,0.493023326,-0.867386975894737,0.958953643647059,0.349047719941176,0.643316506705882,-0.611772742470588,0.900047766,0.225158609866667,0.819243917333333,-0.262259259466667
1,0,0,0,0,0,0,0,0,0,0,0,0,0,0,0,0,0,0,0,0,0,0,0,0,0,0,0,0,0,0,0,0,0,0,0,0,0,0,0,0,0,0,0,0,0,0,0,0,0,0,0,0,1.00353463972727,-0.0424519982727273,0.982246787181818,-0.136869172636364,0.924620168888889,-0.0361917615555556,0.920747342444444,-0.061848063,1.1877053085,-0.11620257515,1.16911262285,-0.12242968705,0.921548706136364,-0.131130002045455,0.862126167318182,-0.2707906,0.992725864434783,-0.104142986086957,0.982400194347826,-0.0853350897391304,0.985436815333333,0.00670066166666667,0.950784320777778,-0.195915884944444,1.0565128517619,-0.0969480668095238,1.03516157971429,-0.0738690929047619,0.962698830058824,-0.116233642058824,0.921285996294118,-0.207440348823529,1.00042734025,-0.0700212326,0.9721663917,-0.16942165985,1.0388555012381,-0.123489471666667,1.02695000361905,-0.0461228556666667,0.957860268095238,-0.191720416904762,0.90953148352381,-0.206517630285714,1.02807527126316,-0.0859888325263158,0.973725593894737,-0.29514946,0.990454438285714,-0.10563923652381,0.953127700333333,-0.241715112476191,0.986420987083333,-0.114327481541667,0.835235435375,-0.493747333583333,1.02168051277778,0.430056929833333,0.389839312611111,-0.819336716833333,1.17534348195652,0.605815055217391,0.0160844360869565,-0.998505990913044,1.27371055786957,0.683214729086957,-0.242056880217391,-1.04390767634783,1.26598858427778,0.660349529444444,0.00372562255555556,-1.07155999527778,0.994529693954545,0.426976436727273,0.445478004727273,-0.7667822395
1,0,0,0,0,0,0,0,0,0,0,0,0,0,0,0,0,0,0,0,0,0,0,0,0,0,0,0,0,0,0,0,0,0,0,0,0,0,0,0,0,0,0,0,0,0,0,0,0,0,0,0,0,0,0,0,0,0,0,0,0,0,0,0,0,0,0,0,0,0.95835391975,-0.05969184175,0.952490192,0.05926196225,1.17664026625,0.01535284,1.16071154885,-0.12423518105,0.963197613857143,0.0475148463809524,0.918678851904762,-0.252254471619048,1.02255561665,0.0423615561,0.9969642988,-0.14642924655,1.00749560005263,-0.0651477562631579,0.997630773631579,-0.0500858123684211,0.972215247789474,-0.151291733263158,0.931616794,-0.210311282315789,0.9874725555,-0.12390355965,0.9611983228,-0.1316905201,0.940896736388889,-0.0136469688888889,0.929263051,-0.104071784611111,1.03883953615,-0.06491180735,0.98196764475,-0.2819027064,0.945995319590909,0.00101607881818183,0.821092213227273,-0.4285954635,1.02159425814286,0.322041171285714,0.656317824857143,-0.689725604714286,1.114953825,0.18960143255,0.5813076505,-0.92932582705,1.178381585,0.0612174292631579,0.895804274789474,-0.690224899105263,1.04091586815789,0.00369761021052632,0.994540812684211,0.124128519263158,0.977473070333333,-0.0752493862857143,0.920749291952381,0.311560299142857
1,0,0,0,0,0,0,0,0,0,0,0,0,0,0,0,0,0,0,0,0,0,0,0,0,0,0,0,0,0,0,0,0,0,0,0,0,0,0,0,0,0,0,0,0,0,0,0,0,0,0,0,0,0,0,0,0,0,0,0,0,0,0,0,0,0,0,0,0,1.04143911725,-0.02069562825,1.03883456425,-0.07019318425,1.0192395887,0.1289147268,0.981709717,-0.19920616925,0.959504458909091,0.0659446348636364,0.952691174636363,-0.0426976436363637,1.12850227195,0.0221817831,1.1193817035,-0.02801586235,0.955049801666667,0.00617622819047619,0.929791383619048,-0.192714696047619,0.97691430255,0.04446182445,0.9611123468,-0.0985897972,1.02780259885,-0.0507380656,1.01898641255,-0.0524453014,0.9326930635,-0.0117500401111111,0.900467946611111,-0.215062582333333,1.0027705686,0.03091447855,0.9811078857,-0.16718628615,1.02760137321053,-0.0155273775789474,0.968541182210526,-0.299183216684211,0.959372382190476,-0.0418766987142857,0.792253332142857,-0.528956513190476,0.971323736,0.30338440005,0.64857765425,-0.6416750173,1.1768514741,0.1366771226,0.6176631756,-0.9599209665,1.10355886122222,0.0640452248888889,0.786010818888889,-0.709587793111111,1.08671793531818,0.0235931278636364,1.04285421668182,0.0339437335
1,0,0,0,0,0,0,0,0,0,0,0,0,0,0,0,0,0,0,0,0,0,0,0,0,0,0,0,0,0,0,0,0,0,0,0,0,0,0,0,0,0,0,0,0,0,0,0,0,0,0,0,0,0,0,0,0,0,0,0,0,0,0,0,0,0,0,0,0,0,0,0,0,0,0,0,0,0,0,0,0,0.961631812789473,-0.0279130792631579,0.956103765578947,-0.0864025511052631,1.01665387695238,0.0807939548095238,0.986336624380952,-0.162383333,1.0215604025,-0.02210808955,1.0127961474,-0.021174637,0.949300600190476,-0.0497490502380952,0.928598248666667,-0.157704372238095,1.00390610819048,0.0481815982857143,0.986909796904762,-0.113979484,0.989390549064516,-0.0456742036774194,0.973041206354839,-0.116760824290323,1.02067171657143,0.0879761596190476,0.983891867333333,-0.206927039333333,0.960282638217391,0.0760646443478261,0.882433180608696,-0.353601270173913,0.998450140476191,0.0823263145238095,0.740504026285714,-0.649159015142857,1.02750060827273,0.0637114945454545,0.669171674454546,-0.770277104318182,1.06214263184211,0.354065579421053,0.599956664421053,-0.797080665210526,1.16426490133333,0.217232450285714,0.742258636714286,-0.837042684095238
1,0,0,0,0,0,0,0,0,0,0,0,0,0,0,0,0,0,0,0,0,0,0,0,0,0,0,0,0,0,0,0,0,0.976571663090909,0.172800401,0.902456682090909,-0.288566397272727,0.952770181714286,0.0708277683333333,0.938073144095238,-0.144661769142857,1.17617143647368,0.188332479947368,1.13418378063158,-0.192973885842105,0.922107500857143,0.175636489238095,0.872134889714286,-0.154358915238095,0.993899087428571,0.044122599952381,0.970252696809524,-0.113289337190476,1.0754505198125,0.0898601724375,1.061265063,-0.1307447853125,0.9521221269,0.10871038935,0.90493323505,-0.18799245485,0.97091536065,0.0368099691,0.94634905595,-0.16066439985,1.06532717976471,0.121637841823529,1.02866195276471,-0.180607196941176,1.00292696719048,0.0949478110952381,0.979867961142857,-0.153855927047619,0.960295552541667,0.213332829,0.792892302875,-0.463645531875,0.955588592095238,0.445472155952381,0.546315457619048,-0.630431474571429,1.09131448896552,0.409338478172414,0.245060972827586,-0.968605379862069,1.14390122427778,0.495125677277778,0.380231846555556,-0.948437042222222,1.23842796171429,0.23731688947619,0.840563602095238,-0.84092622147619,1.0087825425,0.0747208764090909,0.941436147181818,-0.326987577181818,1.0479566988,0.3364482763,0.9674991283,-0.0817876491,0.9679635762,0.55572367785,0.6518570209,0.34742862755,1.0464064301,0.39232033145,0.4449130202,0.84823826745,1.09816041929412,-0.000361243176470572,0.342892134235294,1.02504951976471,1.05675664752941,0.113661589941176,0.0805428047058824,1.03402280335294,1.058800431,-0.0533050603529412,-0.0625239892352941,1.05345769241176,1.05834877788889,-0.0632673476111111,-0.0908615186666667,1.050680133,1.06901166075,-0.12161905715,-0.19751121585,1.0411804781
1,0,0,0,0,0,0,0,0,0,0,0,0,0,0,0,0,0,0,0,0,0,0,0,0,0,0,0,0,0,0,0,0,0.988315190692308,0.0491479836923077,0.98203378,-0.0932318923076923,1.12537415986364,-0.0175078204090909,1.09896186813636,-0.196706168636364,0.975956491619048,-0.0112879926666667,0.923287628238095,-0.295008475619048,0.980319592772727,-0.0352947833181818,0.970790777227273,-0.125156351545455,0.995491224857143,0.0769455096666667,0.962930123095238,-0.164781300285714,0.972650720368421,-0.0443066800526316,0.948734402526316,-0.139177534736842,0.967038734277778,-0.0861533145555556,0.935649832444444,-0.193664135111111,1.05420785355,0.03088991395,1.0225605536,-0.21136561845,1.00181594973684,-0.0315072599473684,0.982193897105263,-0.151278804736842,0.94987155215,-0.0941067679,0.91311322805,-0.2227881314,0.98663005075,0.12873049265,0.93603194745,-0.2554958217,0.918411433388889,0.289766089888889,0.719850313777778,-0.47071125,1.02683285815,0.2534446822,0.54728575705,-0.8219173586,1.0950261114,0.2370110023,0.55073707555,-0.90786869785,1.21135300366667,0.260506988722222,0.834730497666667,-0.819691537888889,1.02412167855,0.12013290225,0.96111234705,-0.2982135636,0.9780327304,0.4044306517,0.862805042,0.028175532,1.03069394875,0.5348468861875,0.6725311550625,0.546760689875,1.10349769685,0.52541103075,0.6063143561,0.7488132757,1.02386731884211,0.574474182263158,0.616634696947369,0.563368422631579,1.09104877211111,0.9518760785,0.360798562944445,0.359256455333333,1.04316149153846,0.923674092269231,0.317742376115385,0.334030558346154,1.08415847835,0.9568135517,0.35108874445,0.35315216625,1.04423329936842,0.875583776368421,0.428082428894737,0.37026524968421
1,0,0,0,0,0,0,0,0,0,0,0,0,0,0,0,0,0,0,0,0,0,0,0,0,0,0,0,0,0,0,0,0,0,0,0,0,0,0,0,0,0,0,0,0,0,0,0,0,0.945141420555556,0.0168949474444445,0.904439214555556,0.245263324333333,1.03491707392857,0.192656209071429,0.988950993571429,0.215448596571429,1.02119943923077,0.226976386230769,0.964857495153846,0.230226464384615,0.985188130066667,0.234476760266667,0.918746696733333,0.252474382666667,1.06898412494444,0.213083771888889,1.012086505,0.187877820333333,0.9622189284375,0.18107139475,0.9340207254375,0.095939897,1.12379488126316,0.288400674842105,1.07195791226316,0.11251854,0.990523802375,0.1846332535,0.916886956125,0.308868434625,1.0039019159375,0.16254051675,0.9673210354375,0.149429191375,0.995288212454545,0.189571285181818,0.970388811909091,0.0957793901818182,1.02689305494444,0.310004544777778,0.974352636111111,0.0809674662777778,1.04521558511111,0.262594974777778,0.992325694111111,0.177137655833333,1.042938868875,0.232165646125,0.98910671525,0.2038089505625,0.976345974266667,0.0684859486666667,0.953349951066667,0.1688239224,0.884359537882353,-0.143977127235294,0.80970516782353,0.227641073764706,1.18687052866667,-0.669588527416667,0.848520759833333,0.459397912916667,1.1421475341875,-0.907107197,0.667833186,0.1038773153125,1.08335418182353,-0.809026030411765,0.715550715823529,-0.0655584327647059,1.17688470971429,-0.757412620785714,0.842528765571429,0.256243285857143,0.948820658294118,-0.414273808941176,0.779245133352941,0.332517226764706
1,0,0,0,0,0,0,0,0,0,0,0,0,0,0,0,0,0,0,0,0,0,0,0,0,0,0,0,0,0,0,0,0,0,0,0,0,0,0,0,0,0.965363253444445,0.0597191358888889,0.954960293333333,0.122249547111111,0.994087680066667,0.0671103341333333,0.956084803533333,0.244220696066667,1.00685959935294,0.238695118647059,0.964606292117647,0.146953771823529,1.03220557833333,0.176307920266667,0.9621440576,0.285505506133333,1.01587557229412,0.272030649705882,0.940980980647059,0.265282625117647,1.15633054376471,0.0973767421764706,1.09731262829412,0.286884974,0.930734143176471,0.135220589647059,0.909090422647059,0.124657835705882,1.0931365776,0.259286949666667,1.03998090926667,0.1426708714,0.971750197133333,0.237702903733333,0.899111437933333,0.2589594224,1.0712721883125,0.2766274706875,1.001603927125,0.219392083125,1.00475618775,0.260199931833333,0.956850398333333,0.1510310045,1.0551539345,0.269525685571429,0.976177430714286,0.225063861071429,1.017608751125,0.2473496046875,0.934051431125,0.312967642875,1.0344046231875,0.2305075394375,0.9698389011875,0.266172186625,0.973587390266667,0.040646132,0.9632248978,0.1184666074,0.866833125388889,-0.101983798388889,0.8382787095,0.147291734888889,1.18964876446154,-0.632555902692308,0.838236718769231,0.525775719615385,1.097480118,-0.862812060428572,0.570757178857143,0.325410023071429,1.06224183641176,-0.787438131058824,0.684483792588235,0.189594930294118,1.06959707917647,-0.752440880882353,0.721388407411765,0.233912257470588,1.15104179486667,-0.662587632333333,0.829577402266667,0.440360391333333,0.887851371,-0.419750257235294,0.694049515058824,0.356301485235294
1,0,0,0,0,0,0,0,0,0,0,0,0,0,0,0,0,0,0,0,0,0,0,0,0,0,0,0,0,0,0,0,0,0,0,0,0,0,0,0,0,0,0,0,0,0,0,0,0,0,0,0,0,0.9902813376875,-0.0490523236875,0.91994217125,0.3301781765,0.991521842083333,0.230476833583333,0.94841657175,0.16732548525,1.05979941258824,0.175911034176471,0.997508331176471,0.260225219058824,1.06346410372222,0.175377196888889,0.989173244277778,0.322000230444444,0.95820281555,0.03640465415,0.93750582015,0.12080842715,0.9830328589375,0.238659897375,0.9492968011875,0.0889697075,1.08727286922222,0.219443259444444,1.03232495977778,0.194087191222222,0.960480121230769,0.199671950769231,0.901858887769231,0.242055237,1.09498907370588,0.311146073647059,1.02280981147059,0.221890080588235,0.989405900882353,0.130351029941176,0.958941997176471,0.157733271705882,1.06907587033333,0.210497671333333,1.01764764491667,0.204254183,1.013442139,0.202346336866667,0.9533663274,0.2660012584,1.04626121164706,0.234649193588235,0.996482400352941,0.206414417941176,0.726991473375,-0.0187304648125,0.7033750105625,0.1406934255625,1.15260513692857,-0.531138078714286,0.835598054928571,0.569072752928572,1.28086164273684,-1.156214298,0.0266977805789474,0.533218677105263,1.10378365783333,-0.891365418333333,0.32386304175,0.53464729925,1.10132461192857,-0.566897036214286,0.764957444642857,0.542578137785714,0.915596653315789,-0.37398871731579,0.738035258842105,0.386529563473684
1,0,0,0,0,0,0,0,0,0,0,0,0,0,0,0,0,0,0,0,0,0,0,0,0,0,0,0,0,0,0,0,0,0,0,0,0,0,0,0,0,0.935532293866667,-0.105447399,0.903844206666667,0.178731621866667,1.0342135986,0.0530921676666667,0.983973749133333,0.277300948533333,1.02031396744444,0.293136891333333,0.951493963166667,0.191507914111111,1.01697153446667,0.1725249804,0.967924913866667,0.235967009333333,0.997269118,0.242712144117647,0.947468910235294,0.189594930058824,1.14307022241667,-0.00515855416666668,1.09768711733333,0.225215927166667,0.94184436015,0.11732026195,0.92664829185,0.103367601,0.99942484375,0.1760049575,0.9385344605,0.2560239595,0.967795402142857,0.249137114,0.906466764214286,0.222063477285714,1.12791226058824,0.108994326588235,1.09622889847059,0.157314229470588,1.05944698513333,0.172983518666667,1.02211429766667,0.190653613933333,0.964992581285714,0.104434404071429,0.8919912295,0.343833430928571,1.00557272488235,0.143615883764706,0.969634798705882,0.222164625470588,0.991190533625,-0.0445692944375,0.96223924525,0.1946125995625,0.858951434352941,-0.365693810764706,0.741849227529412,0.178049594529412,1.14221980826667,-0.993766813866667,0.524764164333333,0.167481060666667,1.11726220086667,-1.0726190002,0.116452314733333,-0.194272790066667,1.0723604315,-0.984628803666667,-0.217478095833333,-0.362982077833333,1.0775683265,-0.991752521388889,-0.257736654,-0.3315804025,1.09619164964706,-1.03672490317647,-0.225040122176471,-0.259921774529412,1.08479089655556,-1.07012706355556,0.0820455769444444,0.00236092550000001,1.08646385473333,-0.909821579133334,0.5239617226,0.258042346066667
1,0,0,0,0,0,0,0,0,0,0,0,0,0,0,0,0,0,0,0,0,0,0,0,0,0,0,0,0,0,0,0,0,0,0,0,0,0,0,0,0,0,0,0,0,0,0,0,0,0,0,0,0,0.816189678117647,-0.0983015251764706,0.799561456176471,0.0921892884705882,1.01699804569231,0.0628285449230769,0.969959361846154,0.263898785230769,1.01517411446667,0.242632188933333,0.960768443266667,0.20953556,1.034932411,0.2202518421875,0.992315458875,0.174792083125,1.00298110769231,0.189430425538462,0.940822033692308,0.279657885,1.1048244225,0.255962548142857,1.0433614585,0.231591011071429,0.9306129438,-0.0563674401333333,0.916486758733333,0.0461158372,1.0725231245,0.247715879857143,1.03200913,0.123770209428571,0.979212660705882,0.184710920764706,0.915289357647059,0.268100322647059,1.04038820592857,0.0480587756428572,1.00177719492857,0.134420693928571,1.02147544994118,0.259170388529412,0.983015250352941,0.0809762965882353,1.02902185913333,0.127670123133333,0.984284900066667,0.244793868666667,0.95359686425,0.215906988625,0.8762326358125,0.304723167625,0.979347599,0.148832236941176,0.906475021176471,0.312229803411765,0.9619560506,-0.745042618266667,0.4741939564,-0.210174238133333,1.15682023671429,-1.023990561,0.133332835428571,-0.5099423865,1.07221434946154,-0.910002978769231,-0.01553235,-0.565626968307692,1.118318229,-0.964668537,0.165678401153846,-0.537358846923077,1.03453391064706,-0.870336242117647,0.451308471529412,-0.323413895823529
1,0,0,0,0,0,0,0,0,0,0,0,0,0,0,0,0,0,0,0,0,0,0,0,0,0,0,0,0,0,0,0,0,0,0,0,0,0,0,0,0,0,0,0,0,0,0,0,0,0,0,0,0,0.92498322375,0.00908888125000001,0.907107197,0.0898448195,1.02753644857143,-0.0265998919285714,1.00375990442857,0.131595771357143,0.981627909294118,0.0820166773529412,0.953696744529412,0.189811676176471,1.02114905285714,0.138087829428571,0.925732385071429,0.354361092642857,0.997585077882353,0.219245779705882,0.922832117647059,0.306132016647059,1.02663265689474,0.274903104263158,0.953530952894737,0.260565167789474,0.997708510375,0.10412296075,0.9681654415,0.1419830641875,1.08194199392308,0.315427640076923,1.02392577546154,0.138619611076923,1.01088705633333,0.1169108528,0.935810866666667,0.3393018574,1.02808461469231,0.153566191307692,0.982978570153846,0.194607875461538,1.00115405015385,0.208439603384615,0.969298008846154,0.125298069923077,1.109052862375,0.2349291573125,1.0743303300625,0.1167890536875,1.034825914125,0.135074286125,0.965432636,0.327660310625,0.991993694230769,0.0587470516153846,0.959188754307692,0.198368140307692,0.7100403328,-0.2558970426,0.644377117133333,0.0811940059333333,1.07569927108333,-1.01443378366667,0.328509834583333,-0.0491904993333333,1.1279138052,-1.0877180066,0.2543658527,-0.1537986098,1.13344720523077,-1.07250688515385,0.334531297153846,-0.142776687923077,1.15569072575,-1.0514545984375,0.4608308446875,-0.111384854125
1,0,0,0,0,0,0,0,0,0,0,0,0,0,0,0,0,0,0,0,0,0,0,0,0,0,0,0,0,0,0,0,0,0,0,0,0,0,0,0,0,0,0,0,0,1.039745788,-0.00588184355555556,1.00718724316667,0.188778520388889,0.996184193,0.12912352535,0.93148750685,0.2752948442,1.01987236595,0.2050770953,0.97222780305,0.21410456515,1.01034666242857,0.265542720214286,0.966965726785714,0.112312604285714,1.0476195365625,0.0959706026875,0.982336112875,0.309605371,1.00366607726316,0.174705622421053,0.938650010736842,0.305867358473684,1.051739961,0.166588548888889,1.00163292683333,0.213943530833333,0.952973832294118,0.104442661176471,0.936039172352941,0.0625817881764706,1.08358573723529,0.256164844352941,1.03879121482353,0.136347668764706,1.01294399005263,0.220990394684211,0.949781627789474,0.253725881578947,1.0769392041875,0.1203048539375,1.0449296413125,0.1497823068125,0.969702597695652,0.149202903956522,0.947710786086957,0.122747958173913,1.01460090917647,0.0315871137058824,0.971614411941176,0.263866551176471,0.977068530565217,0.111117180521739,0.953883962869565,0.169399231217391,1.0193499758,0.0261858038,1.00191405435,0.10339216545,0.905005266875,-0.0698400690625,0.8830646495,0.108989810875,0.922905984894737,-0.270067767789474,0.703463895421052,0.499125675842105,1.07343524268421,-0.753355777157895,0.604339496210526,0.435451792052632,1.1284418848125,-0.867235871625,0.5562794506875,0.317496730625,1.08992996761111,0.0215485636666667,1.01667188666667,0.159423890388889,0.987281101833334,0.457050634222222,0.852225911777778,-0.0647412202222222
1,0,0,0,0,0,0,0,0,0,0,0,0,0,0,0,0,0,0,0,0,0,0,0,0,0,0,0,0,0,0,0,0,0,0,0,0,0,0,0,0,0,0,0,0,0.744025529,-0.174162617,0.717775974,0.089660585,0.986078915068966,0.109227515344828,0.946514231482759,0.204360064655172,0.992393025105263,0.230195634263158,0.956349411105263,0.127140908052632,1.09698867671429,0.137502959238095,1.04553717533333,0.219759089190476,0.999315725631579,0.104179523736842,0.918882017263158,0.373070779210526,0.992901659555555,0.201115380277778,0.922862622666667,0.302703416277778,1.03588889788889,0.0211255077222222,0.994045212222222,0.228422964944444,0.938331576277778,0.118155456444444,0.917458422944444,0.155643679833333,1.095718427,0.189733808222222,1.04175501538889,0.234154691888889,0.976242128529412,0.142142011058824,0.912023718352941,0.307808185529412,1.04101727814286,0.169284800095238,0.985389134809524,0.264770691619048,1.01443672844444,0.0668292065555556,0.973288172444444,0.226662505888889,1.03579973836364,-0.0467954562727273,0.974788098545455,0.333396690090909,1.02017021036842,-0.041746796,1.00890460631579,0.123430369,0.947349272526316,0.0394067,0.942101975526316,0.0843210293157895,0.861587294777778,-0.280608973833333,0.750815286055555,0.234386690444444,1.08353166238889,-0.750883521,0.662464809555556,0.405929089,1.088008734,-0.719222553111111,0.7279156725,0.282751547833333,1.03035280183333,0.291799488277778,0.953486420722222,0.0268981756111111,1.01559135663636,0.663119864136364,0.746951953181818,-0.168233628954545,1.04231410163158,0.766530129736842,0.686152356263158,-0.158777454947368
1,0,0,0,0,0,0,0,0,0,0,0,0,0,0,0,0,0,0,0,0,0,0,0,0,0,0,0,0,0,0,0,0,0,0,0,0,0,0,0,0,0.8433267724,-0.0973247232,0.8138233414,0.1159446474,0.87547241375,-0.0676446129375,0.816909262125,0.268260173,1.04363928757143,0.155633932142857,0.9692993585,0.339692550714286,0.9839468616,0.274205816133333,0.926427210866667,0.173114529466667,1.06016205242105,0.184272865789474,1.00880117684211,0.188125620473684,0.981598942428571,0.137292406,0.920386672476191,0.302845734761905,1.07929790147059,0.246917016,1.00765204282353,0.290887549647059,0.951773613823529,0.0101870609411765,0.925086275647059,0.124860131941176,1.01734955276471,0.258491251176471,0.971715560117647,0.143139042705882,1.00862462947059,0.170954776117647,0.95938993882353,0.243636926941176,1.0417971299375,0.2527538045,0.98090829875,0.226592565125,0.992353289,-0.00996228727777778,0.973738522444444,0.153296401277778,1.01056658886667,0.203394424,0.978864323933333,0.134368055533333,1.0429814308125,0.155508916125,0.9895212418125,0.2459524964375,0.9668984576,0.209617441733333,0.9077909102,0.254668815333333,0.969995913333333,0.0720723719333333,0.9553969962,0.105087118933333,0.9525404818,0.111604911466667,0.940396248133333,0.0294610764666667,1.18731926022222,-0.0594871373333333,1.0220078515,0.5393827975,0.829357812647059,-0.196227357058824,0.673256350941177,0.401196801764706,1.2505425125,-0.822988986875,0.785942584,0.4739575228125,1.16035927070588,-0.364550520235294,0.859936784411765,0.550607027882353,1.05390500315,0.769459775,0.68088002935,0.03800134955
1,0,0,0,0,0,0,0,0,0,0,0,0,0,0,0,0,0,0,0,0,0,0,0,0,0,0,0,0,0,0,0,0,0,0,0,0,0.976854455,0.103171085,0.965386578,0.107838348,1.04269949207692,0.0895283149230769,1.01281504315385,0.158913703615385,1.02994081886667,0.0172770626,0.996698182933333,0.2359015038,1.02246005566667,0.227664193466667,0.975998460533333,0.147796672866667,1.1225396871,0.2317910367,1.0621954454,0.2173225203,0.979143472866667,0.190391592066667,0.908937255533333,0.2939229566,1.0564945625,0.2490998286875,1.00109728325,0.21142395925,0.93975674,0.08995536,0.920433462266667,0.0985857030666667,1.1079550735625,0.2819856118125,1.055830157875,0.1566910848125,1.0018095719375,0.1845871949375,0.9389336341875,0.263823202125,1.02969798536364,0.109490871909091,0.993077518,0.153841039272727,1.00042439953333,0.154936766866667,0.976211353333333,0.127752004866667,0.975494588294118,0.201992800117647,0.936660510764706,0.160522069882353,1.03385378873333,0.0968006796666667,0.995797482866667,0.203574563933333,0.879756099684211,-0.209871706421053,0.826351258736842,0.191112152,1.00948005741176,-0.460657447882353,0.716229853117647,0.493848481647059,0.9761667495,-0.5540532889,0.4568022595,0.6591649727,1.01801176506667,-0.555699113466667,0.380193635,0.737231093333333,1.11078024383333,-0.527769226944445,0.429811284388889,0.786311052055556,1.02591280764286,0.472639371857143,0.725671720714286,0.492536652357143,1.09277702711111,0.878973970666667,0.448985275611111,0.453966419333333,1.050081014625,0.9657243399375,0.2531376255,-0.018377349375,1.17093514363636,1.10540447809091,0.079946425,-0.340665561909091
1,0,0,0,0,0,0,0,0,0,0,0,0,0,0,0,0,0,0,0,0,0,0,0,0,0,0,0,0,0,0,0,0,0,0,0,0,0,0,0,0,0,0,0,0,0,0,0,0,0,0,0,0,1.02590569978571,0.139193233857143,0.984178453714286,0.197797217214286,0.998100231933333,0.308940081266667,0.9389059992,0.1338440118,1.01333157330769,0.132648537384615,0.950383309923077,0.290844200307692,1.09949977864706,0.229938581176471,1.04517799635294,0.236513209117647,1.0207218254375,-0.1273518075625,0.9993624123125,0.1247111190625,0.960794830533333,0.184283208866667,0.935630726666667,0.0801295424,1.08050059086667,0.159735041333333,1.00508288053333,0.293136891133333,0.961735087375,0.2379843724375,0.905188092125,0.21186919175,0.986546931833333,0.0865286060833333,0.962356950416667,0.1303967875,0.962623522769231,0.240505781153846,0.918298236461539,0.128756002,1.11482765685714,-0.0466024490714286,0.911607772428571,0.598392290785714,0.902417900571429,-0.361344441571429,0.620640749285714,0.504415364071429,1.30780133288889,-0.771121975833334,0.771217504555556,0.533664717388889,1.28720247973333,-0.608398248333334,0.970790777,0.397339686733333,0.996734776076923,0.732212368076923,0.616891282076923,0.166793253461538,1.1358564325,1.039834692,0.334305897214286,0.110944008214286,1.077549791625,0.9058175585,0.20169025875,-0.5272165248125,1.14458468371429,1.05474887935714,0.0830106125,-0.260506988642857,1.08120952675,1.013379555375,0.009933287375,-0.35816640375
1,0,0,0,0,0,0,0,0,0,0,0,0,0,0,0,0,0,0,0,0,0,0,0,0,0,0,0,0,0,0,0,0,0,0,0,0,0,0,0,0,0,0,0,0,0,0,0,0,0,0,0,0,0,0,0,0,1.03207832077778,0.235819622,0.991370406444445,0.160242708444444,1.019057984,0.192375471428571,0.927399264928572,0.365239676357143,1.02002724657143,0.249663497071429,0.965123385857143,0.214009816142857,0.991674518125,0.1806722206875,0.959537145625,0.117925163875,1.09236127215385,0.251503138461538,1.00200664392308,0.300329893384615,0.970096014277778,0.174326380166667,0.901928172333333,0.2877053975,1.05592117173333,0.188983224733333,1.0073755714,0.166351091666667,0.991025201357143,0.124489599428571,0.961894903142857,0.155774301,0.982596582625,0.2754145963125,0.916119314125,0.2087832706875,1.03922587169231,0.149598072769231,0.878239133923077,0.449058759384615,0.840218248666667,-0.229236324266667,0.622711189266667,0.477207207333333,1.32602476766667,-0.661086465777778,0.895363980333333,0.642622116944444,1.04502592458824,0.481130150882353,0.607178623058823,0.328469463352941,1.08639972878571,0.956771441071429,0.398121073142857,0.301652599857143,1.09615407668421,1.05072897473684,0.202851418368421,0.115595572315789,1.09567158469231,1.04329397346154,0.184101809153846,-0.228034551076923,1.13564729588235,1.05686782923529,0.0440138828235294,-0.397613268235294,1.12016912473684,1.08673542484211,-0.00724007615789474,-0.264353279157895
1,0,0,0,0,0,0,0,0,0,0,0,0,0,0,0,0,0,0,0,0,0,0,0,0,0,0,0,0,0,0,0,0,0,0,0,0,0,0,0,0,0,0,0,0,0,0,0,0,0,0,0,0,0,0,0,0,0,0,0,0,0,0,0,0,0,0,0,0,0,0,0,0,0,0,0,0,0,0,0,0,0,0,0,0,0,0,0,0,0,0,0,0,0,0,0,0,0,0,0,0,0.929062493833333,0.424720965166667,0.4797046025,0.672659095333333,0.817963163608696,0.370016793652174,0.445259059782609,0.574821008869565,1.09570114989474,0.406672489578947,0.496488219526316,0.883560788842105,1.53894690183333,0.408426484125,0.819432245583333,1.235412327,0.729629830043478,0.210486101086957,0.479062008391304,0.491119995434783,1.01670174179167,0.401620058416667,0.668636651375,0.61857615775,0.872723268956522,0.235509895086957,0.434621544217391,0.651793473391304
1,0,0,0,0,0,0,0,0,0,0,0,0,0,0,0,0,0,0,0,0,0,0,0,0,0,0,0,0,0,0,0,0,0,0,0,0,0,0,0,0,0,0,0,0,0,0,0,0,0,0,0,0,0,0,0,0,0,0,0,0,0,0,0,0,0,0,0,0,0,0,0,0,0,0,0,0,0,0,0,0,0,0,0,0,0,0,0,0,0,0,0,0,0,0,0,0,1.03072248677778,0.0951466668888889,0.955642641666667,0.357714348,1.03499763126667,0.2371788602,0.906742823,0.408279097066667,1.0382035663125,0.192156145125,0.94013115575,0.318556076625,0.929389974066667,0.0917403836,0.8636402364,0.281476921,0.934463145583333,0.267323649583333,0.78821480425,0.410002709166667,1.35479108,0.628682263076923,0.550056826538461,1.03239967430769,1.07184434192857,0.491922538928571,0.404946507142857,0.855547973785714,1.04868956469231,0.482787767846154,0.379616683230769,0.848138119692308
1,0,0,0,0,0,0,0,0,0,0,0,0,0,0,0,0,0,0,0,0,0,0,0,0,0,0,0,0,0,0,0,0,0,0,0,0,0,0,0,0,0,0,0,0,0,0,0,0,0,0,0,0,0,0,0,0,0,0,0,0,0,0,0,0,0,0,0,0,0,0,0,0,0,0,0,0,0,0,0,0,0,0,0,0,0,0,0,0,0,0,0,0,0,0,0,0,1.07806110536364,-0.12999110030303,1.05341697057576,-0.186028035787879,1.01534505660526,-0.224694469315789,0.982323184236842,-0.096506336,0.988279249388889,-0.308960551611111,0.922753446833334,0.0195424594722222,1.33384548366667,-0.593868320638889,1.17010723597222,0.138298382444444,1.17600132429412,-0.648063243676471,0.964245048735294,0.166663205823529,1.25281603772222,-0.507510301694444,1.11360630638889,-0.146309153194444,0.904106673694444,-0.230504127583333,0.810718655916666,-0.131870660222222,1.11241579071053,-0.240234775684211,1.063308607,-0.162998677868421
1,0,0,0,0,0,0,0,0,0,0,0,0,0,0,0,0,0,0,0,0,0,0,0,0,0,0,0,0,0,0,0,0,0,0,0,0,0,0,0,0,0,0,0,0,0,0,0,0,0,0,0,0,0,0,0,0,0,0,0,0,0,0,0,0,0,0,0,0,1.06004236544,-0.135431208904,1.03412210184,-0.118296948208,0,0,0,0,0,0,0,0,0,0,0,0,0,0,0,0,1.10625183844444,-0.117227462777778,1.08283239177778,-0.193077315444444,1.08654107215385,-0.116681583846154,1.06105602830769,-0.199974283692308,1.08765474915385,-0.122161366692308,1.06417383592308,-0.188221094,1.0967843235,-0.1234368335,1.0669609665,-0.2219406545,1.02047396,-0.18515525,0.99541673225,0.103048262,1.19588490163889,-0.321201882777778,1.03472682641667,0.404257335138889,1.06384401010526,-0.314432627078947,0.747602502236842,0.674581163210526,1.04542731248649,-0.330300169324324,0.757105801081081,0.639826701216216,1.05326765625714,-0.318616172,0.774134056771429,0.636958624771429,1.14817060907692,-0.293395133820513,0.977360218102564,0.47586560525641
1,0,0,0,0,0,0,0,0,0,0,0,0,0,0,0,0,0,0,0,0,0,0,0,0,0,0,0,0,0,0,0,0,0,0,0,0,0,0,0,0,0,0,0,0,0,0,0,0,0,0,0,0,0,0,0,0,0,0,0,0,0,0,0,0,0,0,0,0,0,0,0,0,0,0,0,0,0,0,0,0,0,0,0,0,0,0,0,0,0,0,0,0,0,0,0,0,0,0,0,0,1.096463074,-0.279070765428571,0.997373122928572,-0.359467008642857,1.09528895564286,-0.300915663571429,0.980423587785714,-0.376978019142857,1.09753869063158,-0.264482566210526,0.969549621263158,-0.417998037263158,1.0709319652,-0.203509058533333,0.8947225728,-0.509779792533333,1.15513321373333,-0.456278215933333,0.802933060133333,-0.673772687933333,1.218142914375,-0.635254459625,0.8240943913125,-0.6004035128125,1.13421813811111,-0.645747272888889,0.837623655,-0.408822246444444
1,0,0,0,0,0,0,0,0,0,0,0,0,0,0,0,0,0,0,0,0,0,0,0,0,0,0,0,0,0,0,0,0,0,0,0,0,0,0,0,0,0,0,0,0,0,0,0,0,0,0,0,0,0,0,0,0,0,0,0,0,0,0,0,0,0,0,0,0,0,0,0,0,0,0,0,0,0,0,0,0,0,0,0,0,1.0806610625,-0.249514355,1.048537559,0.04919049925,1.072305881,-0.236954902297297,1.03684284421622,-0.0536436528108108,1.09096483234211,-0.0608101750526316,1.07029657336842,-0.164394978263158,1.1072045792,-0.0083659818,1.07954854097143,-0.239377971657143,1.09422854824324,-0.0707658038378378,1.06187212272973,-0.253572484297297,1.09079768363158,-0.155338418815789,1.05136894576316,-0.236640594894737,1.08220466611111,-0.181259040416667,1.0467156885,-0.2001191515,1.03558964402632,-0.0984844281842105,1.00632532931579,-0.211953228236842,0.995636437918919,-0.113992762162162,0.981891295486487,-0.070586549,1.22263276091429,-0.374075893828571,1.04880075048571,0.424257747971429,1.06605439467647,-0.331050578970588,0.736054885088235,0.691817031323529
1,1.1193425111875,-0.1972686408125,1.060558832625,-0.21914643775,1.05559990676923,-0.331923676230769,0.968485489230769,-0.216583694615385,1.14600964413333,-0.3917880998,1.03921122046667,-0.229187195133333,1.07639226782353,-0.153774045176471,1.03134960305882,-0.246122280705882,1.13651101346667,-0.2737145252,1.05928864086667,-0.208667612733333,1.12557306006667,-0.389773807266667,1.00441144966667,-0.252900168266667,1.068244612,-0.173630384916667,1.026777467,-0.1944283655,1.15634547764706,-0.237235695764706,1.07776214129412,-0.282015414352941,1.05173812811765,-0.380418087529412,0.968565518529412,-0.133472172058824,1.13459000028571,-0.241241367714286,1.06197787364286,-0.269683600428571,1.11335601746154,-0.151336486538462,1.07435867376923,-0.204244735153846,1.04877400128571,-0.343342140142857,0.952139269857143,-0.243118800857143,1.13026789353333,-0.329885449133333,1.02425960126667,-0.288207606133333,1.0925965438125,-0.190697625375,1.0303905019375,-0.296831808,1.04240501169231,-0.222063477384615,0.922096292846154,-0.393505098307692,1.12595663352941,-0.322055620941177,0.963435863647059,-0.480598077705882,1.08122749413333,-0.3647998542,0.947208814933333,-0.344296648133333,1.19982869525,-0.42136566375,0.7983534989375,-0.6213294338125,1.12988446864706,0.414085962411765,0.588147431058824,-0.852505273235294,1.122594842,0.409707693823529,0.404722536235294,-0.950055412058824,1.15495300228571,0.199271089785714,-0.0312847012857143,-1.09217471671429,1.17417716825,0.1410465408125,-0.076395731625,-1.1613502269375,1.16696428247368,0.119112180789474,-0.0987882528421053,-1.15626601289474,1.1387057082,0.0795563697333333,-0.1090338224,-1.13003452753333,1.1447988136,0.106790260733333,-0.0997648012666667,-1.13538959806667,1.14688121038889,0.1146754795,-0.103771551277778,-1.13635580355556,1.14413201484615,0.117305145076923,-0.104342624538462,-1.13327578753846,1.14936469935714,0.126226663714286,-0.102960531285714,-1.13774194557143,1.146186905875,0.12709080925,-0.1019121516875,-1.134544168375,1.14533125375,0.1253559384375,-0.09922540475,-1.1340989359375,1.14902628723077,0.123143948461538,-0.0986549876923077,-1.13813200884615,1.14504474947059,0.119889424294118,-0.0986483187058823,-1.13444843894118
1,0,0,0,0,0,0,0,0,0,0,0,0,0,0,0,0,0,0,0,0,0,0,0,0,0,0,0,0,0,0,0,0,0,0,0,0,0,0,0,0,0,0,0,0,0,0,0,0,1.00449325471429,-0.0746937598571429,1.0012508115,-0.0173881877857143,1.00093159317391,-0.228172572652174,0.960868837521739,0.00108938417391304,0.933138328263158,-0.546069812105263,0.738035259,-0.109079503894737,1.06667715879167,-0.3754281135,0.961016135625,0.059364314625,0.976551146277778,-0.688243933833333,0.639374138277778,-0.089387646,1.28845662171429,-1.161399941,0.525856701761905,0.0148206080952381,0.91610243535,-0.6120133305,0.33635001805,0.1522264789,1.0892121674,0.46452780845,0.8045870728,0.4569742113,1.16246756752381,0.556620868666667,0.95947938952381,0.0992641524285715,1.10227675095652,0.688629609043478,0.812007701130435,0.226655979086957,0.96888982625,0.499544566,0.5620613303,0.528628986,1.01026574485714,-0.186140756095238,0.226566977047619,0.92687873052381,1.32477348855,-0.49293670365,0.22860992825,1.0171195072,1.07033555988462,-0.109718480346154,0.110937259653846,1.04919891196154,1.0425426445,-0.189470793909091,0.141346619045455,1.00873183186364,1.04094110357692,-0.398786475423077,0.218284316615385,0.929059396230769,1.16311069671429,-0.647533076190476,0.420919309428571,0.827263656,0.95490357425,0.2668937701,0.5723661564,0.66509731005,1.03840665513043,0.296664929434783,0.899970128956522,0.343059876826087,1.05181554213636,-0.274028653545455,0.995444646863637,-0.0403975090454545
1,0,0,0,0,0,0,0,0,0,0,0,0,0,0,0,0,0,0,0,0,0,0,0,0,0,0,0,0,0,0,0,0,0,0,0,0,0,0,0,0,0,0,0,0,0,0,0,0,0,0,0,0,0,0,0,0,0,0,0,0,1.0203873838,0.0119383682,1.006802399,0.1595712776,1.03144053945,0.00316882625,1.0159404091,0.15896944625,1.00469836654545,0.111232721227273,0.991882787909091,0.103997346545455,1.01573784316667,0.104071784666667,0.998047185833333,0.148206081833333,0.9983784817,0.06443279875,0.9842767118,0.1438868162,1.05488020419048,0.0620664143333333,1.03743087580952,0.134906135952381,0.915500092954545,-0.145031300681818,0.727255655272727,0.520857657545455,0.970308457904762,-0.101966252190476,0.762249496428572,0.486214206714286,1.24111059590476,-0.212202567571429,0.538302737333333,1.07113109057143,0.9712079397,0.16853733605,0.0922152982,0.733656952,1.36187466433333,0.60880297847619,1.05704741866667,-0.408098957,1.04357049268421,0.740621000421053,0.511912167315789,0.369903245894737,1.11049592838095,0.608194713571429,0.464913237904762,0.749826855666667,1.06938127555,0.68360669395,0.39026919205,0.6691258951,1.07327943695,0.89536534495,0.34309298545,0.47612227335,1.06194848709091,0.872208796,0.366279681818182,0.480136343,1.06518403204167,0.846995710958333,0.362234906208333,0.528168400916667
1,0,0,0,0,0,0,0,0,0,0,0,0,0,0,0,0,0,0,0,0,0,0,0,0,0,0,0,0,0,0,0,0,0,0,0,0,0,0,0,0,0,0,0,0,0,0,0,0,0,0,0,0,0,0,0,0,0,0,0,0,0.994765735,-0.1438990986,0.9765388804,0.1233140106,0.990164179363637,-0.138599856409091,0.972666615181818,0.122108114909091,0.984911541714286,-0.103861231333333,0.975072026285714,0.083566239047619,0.982129169636364,-0.156141173909091,0.964571481318182,0.0874609421818182,1.0173635844,-0.1696673051,0.99303397175,0.0655259209,1.00798758873684,-0.082523939,0.979000506368421,0.195624270842105,0.959293632583333,0.051258015125,0.930494689916667,0.145800803583333,1.10352900252941,0.0688674215294118,1.04676746676471,0.307432492529412,0.900538356619048,0.277708018095238,0.335539973047619,0.577629402428571,1.36545900915,-0.29193732265,0.3779746379,1.14265660905,1.07203566733333,0.0747230031904762,-0.0227397491904762,1.06356287157143,1.075028449625,0.311212301458333,-0.066242386875,1.02335890133333,1.05953855575,0.34699874795,-0.08166482635,0.9967923469,1.05182307444444,-0.00887962781481481,-0.0296503144074074,1.02408673966667,1.06873217183333,-0.433987256944445,0.370501557722222,0.885620044388889,1.2465908615,-0.56292108935,0.59828175035,0.92051943795,0.959339773833333,-0.00620254725000001,0.32842795275,0.857445877291667
1,0,0,0,0,0,0,0,0,0,0,0,0,0,0,0,0,0,0,0,0,0,0,0,0,0,0,0,0,0,0,0,0,0,0,0,0,0,0,0,0,0,0,0,0,0,0,0,0,0,0,0,0,0,0,0,0,0,0,0,0,0,0,0,0,0.973817293272727,-0.0505136349090909,0.970187829363636,0.0537963511818182,0.8805131273,-0.4276809926,0.74528826365,-0.04454780055,1.04712666071429,-0.829685018285714,0.602240736095238,-0.0790510419047619,1.0780380626,-1.0304580546,0.23116464085,0.04549353545,1.08647551063158,-0.644638276947368,0.720077284368421,0.347097006157895,1.05179285204762,-0.109756721857143,1.02429469342857,0.118342614761905,1.03571522195,0.0267999174,1.018605662,0.15449869915,0.9565773805,-0.0830690995555556,0.923681440666667,0.129154913333333,0.9650545419,-0.3280472023,0.6036491032,0.6470669347,1.06053354566667,-0.483009118619048,0.411292347571429,0.84284459547619,1.05145058605882,-0.410531328411765,0.367456678117647,0.889091994,1.06510429813043,-0.44613483926087,0.357339352913043,0.898111767826087,1.00044341755556,-0.489039129388889,0.513003206611111,0.682826087111111,0.9632448624,-0.1092999383,0.8225928835,0.47402200475,1.03346936218182,0.383843330772727,0.897945738636364,0.301373457409091,1.05577917873913,0.318036082565217,0.979601972391304,0.164710607304348
1,0,0,0,0,0,0,0,0,0,0,0,0,0,0,0,0,0,0,0,0,0,0,0,0,0,0,0,0,0,0,0,0,1.01204796165,0.13720526035,0.9630160991,0.2792374535,1.00827073004545,0.129979934727273,0.955672416909091,0.292094759090909,1.01568997090476,0.128542749190476,0.957058027523809,0.31430918852381,1.01094152481818,0.173715988727273,0.926273124272727,0.3624386805,1.000164436375,0.123498244833333,0.884262171166667,0.433165027041667,0.79063079355,-0.0781766613,0.59586214265,0.49802156405,1.244258667,-0.02694730465,0.8201118646,0.9256534277,1.06500809428571,0.299745923285714,0.783515373,0.562574846285714,1.13367685263158,1.02538870836842,0.391946691842105,0.219464807315789,1.0646884617619,0.929183118809524,0.444898983285714,-0.199616163142857,1.1176199655,0.658072966863636,0.206453826318182,-0.784211900136364,1.08063613352941,-0.194854632294118,0.0986338688823529,-1.02876310088235,1.04791893690476,-0.345354093238095,0.0877188166666667,-0.980756963619047,1.08243823059091,-0.0781152497727273,0.0856074357727273,-1.07544690013636,1.0810818675,-0.0776103118888889,0.0774329013888889,-1.07508091322222,1.06823818773913,-0.125877267434783,0.0744946496086956,-1.05768518134783,1.08493497747059,-0.0183656090588235,0.0755720970588235,-1.08078213517647,1.18754108010714,-0.11446200175,0.277447750928571,-1.13033749035714,0.991211130285714,-0.0478072815238095,0.546853538238095,-0.816724296904762,0.953882198136364,0.203740560681818,0.590799613590909,-0.659401685590909,1.0651074612,-0.1740766407,0.86716524845,-0.4742185211,1.15851017361905,0.0803845457619048,1.12426068990476,-0.240568767238095,0.875041963,0.06345021695,0.7789539712,0.22141251685,1.03577614647826,0.277760910695652,0.910767848173913,0.328759039956522
1,0,0,0,0,0,0,0,0,0,0,0,0,0.886393551608695,-0.8660411,0.175314208695652,0.042841372,1.05468016838889,-1.01397025740741,0.135181568185185,0.135877821666667,1.02341499247273,-1.00294738,0.0015181106,0.165092327654545,0.959787829277778,-0.931966122222222,0.189281315,0.0850151939074074,1.03580548890741,-0.99084022037037,0.132297095,0.163809320555556,1.04305765292727,-1.01159443454545,0.094264918,0.170667621218182,1.0240614115,-0.973225905555555,0.260588477037037,0.106237341018519,0.947431853111111,-0.926504633333334,0.0541901772407408,0.129783344277778,1.03291284135185,-1.0025589,0.136022500944444,0.127133966888889,0.997239811345455,-0.966850138181818,0.188520951309091,0.0508789063636364,0.985453816148148,-0.969138811111111,0.0160771120740741,0.113606774203704,1.02240473883333,-0.959725838888889,0.0874746855555555,0.178729018814815,0.953719887236363,-0.9292081,-0.00840731909090909,0.171439984545455,0.978363893796296,-0.958360414814814,0.172426576111111,0.0718225515925926,1.12582174116667,-0.932264483333333,0.441686557407408,-0.287624780722222,0.991142737381818,-0.529394534545455,0.680743965454546,-0.459872158181818,0.974263588055556,-0.183657046296296,0.897958264814815,-0.308313453703704,0.994265938240741,0.298294633333333,0.925211611111111,-0.115605103833333,1.02318058774074,0.287651917759259,0.961190692592593,-0.0826099515555555,0.981905540963636,0.122363292727273,0.966663712727273,0.105362207272727,0.999102928444445,0.108877690185185,0.992169440740741,0.0171802674074074,0.993930827388889,0.103904446481482,0.988028051851852,0.025264037537037,0.997271145472727,0.101509236363636,0.991752498181818,0.0227805440363636,0.994333870148148,0.0949254883333334,0.989556201851852,0.0193142407407407,0.994747924685185,0.0967339383333334,0.989836516666667,0.0187355372222222,0.995738273909091,0.0976029750909092,0.990713767272728,0.0203480162727273,0.996986217203704,0.0993742772222223,0.991717288888889,0.0234375049074074,0.996707437944445,0.0983163262962964,0.991572629629629,0.0214843793518518,0.995699616545454,0.0975141960000001,0.990713770909091,0.0189275615454545
1,0,0,0,0,0,0,0,0,0,0,0,0,1.0548175572,-1.04340815,0.0187500025,0.14680175,0.977064886555556,-0.94012222037037,0.126202616333333,0.171694156685185,1.03767343512727,-1.00290305818182,0.152077417818182,0.138130318818182,1.00567115177778,-0.990849237037037,-0.027967666462963,0.157154222592593,0.9599119585,-0.920220248148148,0.119556561518518,0.191795074444445,1.06316903985455,-1.01487035636364,0.154039416963636,0.1983220894,1.00449569237037,-0.980260740740741,0.0283293547037037,0.187635633166667,0.956094553907408,-0.914406094444444,0.185519742222222,0.159197769,1.04521731449091,-1.00250354363636,0.0858487223272727,0.210085232272727,1.03724958040741,-1.00338179259259,0.0789026318703703,0.209635411481482,1.00846119057407,-0.950005385185185,0.300500946296296,0.0727267776111111,0.960156190592592,-0.941677511111111,0.047372328425926,0.136881508611111,1.03721103407273,-1.00993427636364,0.069912998,0.182412993272727,0.976752189,-0.944670514814815,0.0350839120740741,0.200231481666667,1.01341464472222,-0.991346574074074,-3.61692037037054E-05,0.202094183333333,0.9097555114,-0.863955969090909,0.184037644727273,0.178666546909091,0.921415407092593,-0.871780964814815,0.233769164814815,0.00394241749999999,1.19858918166667,-0.919098996296297,0.516239875925926,-0.516574428222222,1.04746876340741,-0.740822120370371,0.550048838888889,-0.474681716666666,0.940818424,-0.0522372178181818,0.836399161818182,-0.192507112727273,1.0411591287037,0.498336231481482,0.849500866666667,-0.303909862962963,1.01071859318518,0.179443364074074,0.915210870370371,-0.367974183333333,0.980838229854546,0.125275224727273,0.951402701818182,-0.198499654545455,1.00377812087037,0.139449527777778,0.959327985185186,-0.260127348148148,0.995851068037037,0.130551953703704,0.958532270370371,-0.236038798148148,1.00029011494545,0.138094832727273,0.959845538181819,-0.244957416363636,1.00220513437037,0.128164807407407,0.961778438888889,-0.2507234,0.998193993425926,0.130262607407407,0.958857788888889,-0.244864033333333,1.00003708658182,0.129003923636364,0.960076358181819,-0.248224452727273
1,0,0,0,0,0,0,0,0,0,0,0,0,0.956301670428571,-0.924804685714286,0.226423014285714,0.0858677271428571,1.01320545305556,-0.971498846296296,0.250551575925926,0.0152813948148148,0.957329864563636,-0.945738585454545,0.0424627157090909,0.0823064561090909,1.04897272759259,-1.03266959814815,0.0175509925925926,0.126609515648148,1.01316240609259,-0.98262082962963,0.185791018148148,0.074065035962963,0.949666603563636,-0.93276808,0.0403320326,0.102388130472727,1.04466220662963,-1.01907912407407,0.0831615298518518,0.177842877777778,0.977770357833333,-0.946542246296296,0.181685834074074,0.105125148518518,0.978465708407407,-0.960593898148148,0.0141872834814815,0.163366242222222,0.999757592072727,-0.923419745454545,0.0876775563636363,0.322638494,0.887436527703704,-0.827573435185185,0.157904732592593,0.2572338,1.09523773025926,-0.980613381481481,0.0374801096296296,0.396936498148148,1.18995761010909,-0.754154834545455,-0.307288712527273,0.843314967272727,0.856086162722222,-0.278727218518519,0.450339985185185,0.655210144444444,0.995017563462963,-0.341227218518519,-0.0147026853703704,0.816342966666667,1.00588384170909,-0.312863989090909,-0.566938921818182,0.758167609090909,1.07204334061111,-0.246925637425926,-0.624529801851852,0.824092125925926,1.12476121955556,-0.107828779481482,-0.905571838888889,0.618878403703704,0.986942930481482,-0.0916431585185186,-0.608199507407407,0.763292092592593,1.0024418996,-0.056827061109091,-0.519726565454546,0.854083789090909,1.00654938259259,-0.0590368212962964,-0.536268440740741,0.849690738888889,1.00670522362963,-0.0612792981481482,-0.541368262962963,0.846516909259259,1.00260768665455,-0.0578568901818182,-0.541415118181818,0.840767027272727,1.0124213917037,-0.0530237288888889,-0.538122105555556,0.853795901851853,1.00751826277778,-0.0571650764814816,-0.537606698148148,0.850133812962963,1.0075605276,-0.0484019898363637,-0.518714496363637,0.862091603636364,1.00653625403704,-0.0252278644444445,-0.492675788888889,0.875750501851852,1.17543638648148,-0.133228442962963,-0.480170361111111,1.05623381296296,0.859567018709091,-0.301855465454546,-0.123508529818182,0.788796163636364
1,0,0,0,0,0,0,0,0,0,0,0,0,0,0,0,0,0,0,0,0,0,0,0,0,0,0,0,0,0,0,0,0,0,0,0,0,0,0,0,0,1.05670746181818,-0.172510092727273,1.02858444972727,-0.150156357727273,1.12571410825,-0.258071004833333,1.07533338225,-0.1700889965,1.09301800973333,-0.420364852533333,0.999678681066667,-0.0964403995333333,1.08320733735714,-0.1985341535,1.02932457628571,-0.232678869571429,1.13652932728571,-0.186322065928571,1.10129868992857,-0.0977142466428571,1.03800671658333,-0.377945979333333,0.95527417375,-0.1021270915,1.15036732625,-0.26101875,1.06665391025,-0.239156305916667,1.09274223466667,-0.148091447333333,1.06410329153333,-0.180926054533333,1.07390245976471,-0.340522378058824,0.980761092117647,-0.252711358352941,1.07756795775,-0.326913139083333,0.983543869666667,-0.199484567416667,1.114139769125,-0.2309067131875,1.062708230125,-0.2255025134375,1.078117078,-0.182610090388889,0.995123322722222,-0.349976516666667,1.07881730864286,-0.113628561857143,0.956666164428571,-0.480026281142857,1.08477777453333,0.00479827426666667,0.9462426096,-0.523323044533333,1.19585482005556,0.510273812722222,0.672481684833333,-0.817780962388889,1.0759693526,0.527387062933333,0.522037353266667,-0.7385575786,1.37637730291667,0.323781159916667,0.229637545,-1.273831627,1.1311680596875,0.4684765589375,0.1435644065625,-1.017816526125,1.13298931508333,0.492171108583333,0.156414733583333,-1.008395,1.13283394925,0.48544144725,0.156767848875,-1.0114450974375,1.13003419347059,0.478589565,0.158961498882353,-1.01123557635294,1.12983021083333,0.477022973166667,0.160222238083333,-1.01156792025
1,0,0,0,0,0,0,0,0,0,0,0,0,0,0,0,0,0,0,0,0,1.11549986775,-0.050326609375,1.091371982375,-0.220159725375,1.09720200478571,-0.0352325746428571,1.080980303,-0.176759439857143,1.14221439257143,-0.2662972025,1.05880202907143,-0.310425651214286,1.03311618394444,-0.291908664055555,0.945148122722222,-0.281659790388889,1.1058808299,-0.1811021004,1.03104760355,-0.27716174945,1.07315088307692,-0.11224107,1.03110618053846,-0.255905860615385,1.09847130164286,-0.249593312714286,1.01658610557143,-0.289791434357143,1.172902227875,-0.307363856375,1.06693026125,-0.2882342178125,1.08462202035714,-0.141544411642857,1.03104409421429,-0.286141845,1.1734090064375,-0.2389823069375,1.1028866123125,-0.28045032775,1.050903077,-0.329939617,0.963119081076923,-0.223046059,1.05580403994118,-0.118285503882353,1.00427080558824,-0.285598947823529,1.13732286364286,-0.172144814857143,1.07375130864286,-0.304196784785714,1.05361314361538,-0.332944049846154,0.959547774538462,-0.275179579769231,1.15056886166667,-0.245006761533333,1.05242694493333,-0.364357692466667,1.1022243025,-0.125633995444444,1.03620069894444,-0.351354860333333,1.06865347914286,-0.1089437525,1.01730549592857,-0.304863536714286,1.09855374682353,-0.151303141058824,1.00742084735294,-0.392642560529412,1.09310271445455,-0.131353315909091,0.924341457909091,-0.562550388090909,1.07955265093333,-0.149548943533333,0.902796119466667,-0.5676374816,1.298654705,-0.094655376,0.9641037625,-0.777126642055556,1.15944017138462,0.403482082384615,0.669894009384616,-0.842261524923077,1.0542929189375,0.31350499225,0.5598566624375,-0.8216379369375,1.2053174104375,0.4266707756875,0.4290965243125,-1.0320946671875,1.1272253465,0.575820204222222,0.273799136277778,-0.9281439995,1.17537351411111,0.699884798166666,0.167120780777778,-0.928212234444444,1.10877654114286,0.623869232214286,0.1154358105,-0.908993402928571
0,0,0,0,0,0,0,0,0,0,0,0,0,0,0,0,0,0,0,0,0,0,0,0,0,0,0,0,0,0,0,0,0,0,0,0,0,0,0,0,0,0,0,0,0,0,0,0,0,0,0,0,0,0,0,0,0,0,0,0,0,0,0,0,0,0,0,0,0,0,0,0,0,0,0,0,0,1.000528524,0.133483731,0.979732271,0.140263546,1.02060602230769,0.135010512307692,1.0089603,0.0510186692307692,1.060048828,0.157360469333333,1.03085927666667,0.138396641333333,1.01046254588235,0.207122455294118,0.954766024705882,0.197484483529412,1.0109699075,0.0585864375,1.00516578625,0.0053734925,1.01709479176471,0.0500538705882353,1.00808553529412,0.0631886764705882,0.975015739166667,0.0533050608333333,0.955622170833333,0.156967435,0.901028675714286,0.167389821428571,0.785030187857143,0.0481465057142857,1.269812781875,0.294559588125,0.98311910875,0.42166575,1.68808454555556,-0.147114323888889,-0.169113238888889,1.13239818277778,1.19503848,0.523751169285714,-0.610814932857143,0.730935551428571,1.11550794833333,0.448569045833333,-0.3037815275,0.9613743675,1.06278553157895,0.159889323157895,-0.304264198421053,1.00183260315789
0,0,0,0,0,0,0,0,0,0,0,0,0,0,0,0,0,0,0,0,0,0,0,0,0,0,0,0,0,0,0,0,0,0,0,0,0,0,0,0,0,0,0,0,0,0,0,0,0,0,0,0,0,0,0,0,0,0,0,0,0,0,0,0,0,0,0,0,0,0,0,0,0,0,0,0,0,0,0,0,0,0,0,0,0,0,0,0,0,0,0,0,0,1.02451011916667,0.509652875833333,0.855337419166667,0.24030265,1.01510968923077,0.441217002307692,0.875007952307692,0.263634243076923,1.018281631875,0.39206547375,0.9043590375,0.25445796875,1.02550604647059,0.319714765882353,0.949535221764706,0.213436988235294,0.904095238,0.240683402,0.844348881333333,0.175751124666667,1.69628219818182,0.174251940909091,0.461322133636364,1.26020576727273,1.32458995214286,0.384733398571429,-0.748078093571429,0.824737017142857,1.112542514375,0.287973220625,-0.564539279375,0.88529081125,1.09871441375,0.327307195625,-0.531146851875,0.901288470625
0,0,0,0,0,0,0,0,0,0,0,0,0,0,0,0,0,0,0,0,0,0,0,0,0,0,0,0,0,0,0,0,0,0,0,0,0,0,0,0,0,0,0,0,0,1.00279220875,0.1944283675,0.98261246375,0.01010216875,1.04045424285714,0.171074502857143,1.01169074357143,0.028389595,0.965136189166667,0.218972438333333,0.921027105,0.166117729166667,1.02661180833333,0.174148970555556,0.981585528888889,0.107387997222222,1.02969814352941,0.258996991176471,0.98899743882353,0.00669022647058824,0.992226828125,0.106825060625,0.969163375625,0.1102948025,1.09951718875,0.253398625625,1.031357731875,0.21013432125,1.000895940625,0.215016523125,0.971589125625,-0.027542994375,1.12613601923077,0.208534082307692,1.09036341923077,0.0333888838461538,0.965835009411765,0.310813728823529,0.904928899411765,0.113329245882353,1.08014240285714,0.242311678571429,1.03571135714286,-0.11034744,1.03648526875,0.10757735,1.0185841675,-0.070085714375,0.956940514615385,0.0440650107692308,0.931733152307692,0.200163241538462,1.02296413555556,0.0661468583333334,0.905339914444444,0.253205860555556,1.51410382846154,-0.196724203846154,0.481937456923077,0.831131898461539,1.25468864526316,0.581843545789474,-0.45214275368421,0.926561669473684,1.10723692,0.176952447142857,-0.119559143571429,1.04734442428571,1.147843992,0.565361168,-0.107658208666667,0.989214186,1.05849492333333,0.3615900875,-0.0567236258333333,0.9920391075,1.068814366875,0.2732037875,-0.0344210675,1.03092785125,1.06742720777778,0.274849953333333,-0.0659557994444444,1.02648405666667
0,0,0,0,0,0,0,0,0,0,0,0,0,0,0,0,0,0,0,0,0,0,0,0,0,0,0,0,0,0,0,0,0,0,0,0,0,0,0,0,0,0,0,0,0,0,0,0,0,0,0,0,0,0,0,0,0,0,0,0,0,0,0,0,0,0,0,0,0,0,0,0,0,0,0,0,0,0,0,0,0,0,0,0,0,0,0,0,0,0,0,0,0,0,0,0,0,1.04178016125,0.61918003625,0.71249459625,0.43853852125,1.05169161142857,0.485886679285714,0.822403385,0.411701755714286,0.9304800775,0.1758360775,0.77637776375,0.465759105625,1.6474193125,-0.015168605625,0.21084055125,1.40358733625,1.267934146875,0.26049163625,-0.76804117375,0.661922341875,1.10993469117647,0.264704637058824,-0.741256788235294,0.75252758,1.09698390625,0.33432344375,-0.611196560625,0.8360542525,1.10313379642857,0.326954079285714,-0.605866929285714,0.858600995714286
0,0,0,0,0,0,0,0,0,0,0,0,0,0,0,0,0,0,0,0,0,0,0,0,0,0,0,0,0,0,0,0,0,0,0,0,0,0,0,0,0,0,0,0,0,0,0,0,0,0,0,0,0,0,0,0,0,0,0,0,0,0,0,0,0,0,0,0,0,0,0,0,0,0,0,0,0,0,0,0,0,1.047176298,0.0101533453333333,0.959966002,0.401908691333333,1.00455292666667,-0.0176373433333333,0.927196900666667,0.342659012,0.986894374285714,0.00543929214285714,0.973720976428571,0.136508678571429,0.987373028125,0.132280069375,0.93529501125,0.247242135,0.998955656111111,0.0828371011111111,0.937614995,0.192858963888889,1.020178495,0.0382505035714286,1.014287565,0.0461813421428572,0.96674467,0.108097640555556,0.946471877777778,0.0573718577777778,0.922893409333334,0.117287509333333,0.841941555333333,0.313869366,2.21908081470588,0.647189034117647,-0.207801592352941,0.701303280588235,1.55218285875,-0.095724958125,-1.397584375625,0.566780793125,1.13020585052632,0.399238484210526,-0.676429967894737,0.55985181368421,1.10786712538462,0.743965557692308,-0.0915312684615385,0.762237799230769
0,0,0,0,0,0,0,0,0,0,0,0,0,0,0,0,0,0,0,0,0,0,0,0,0,0,0,0,0,0,0,0,0,0,0,0,0,0,0,0,0,0,0,0,0,0,0,0,0,0,0,0,0,0,0,0,0,0,0,0,0,0,0,0,0,0,0,0,0,0,0,0,0,0,0,0,0,0,0,0,0,0,0,0,0,0,0,0,0,0,0,0,0,0,0,0,0,1.0074672825,-0.05608392375,0.672346921875,0.743138866875,1.00343739285714,0.1188573,0.644959647142857,0.754113952142857,0.972995423888889,0.236010677777778,0.671731101666667,0.619586033888889,2.08689218058823,0.881823779411765,-0.561198680588235,0.621063919411765,1.26357602,-0.240336768333333,-1.07622725722222,0.568846603333333,1.14093506357143,0.766589232857143,-0.274052579285714,0.52438283,1.09910567571429,0.746691951428571,-0.446548317857143,0.652504471428571,1.10827961588235,0.678602752352941,-0.550708175882353,0.675279313529412
0,0,0,0,0,0,0,0,0,0,0,0,0,0,0,0,0,0,0,0,0,0,0,0,0,0,0,0,0,0,0,0,0,0,0,0,0,0,0,0,0,0,0,0,0,0,0,0,0,0,0,0,0,0,0,0,0,0,0,0,0,0,0,0,0,0,0,0,0,0,0,0,0,0,0,0,0,0.992977022727273,-0.329097894545455,0.901362443636364,-0.226284110909091,0.995423171666667,-0.586396605833333,0.784745061666667,-0.134132645833333,1.087101225,-0.472342683636364,0.942374067272727,-0.0766525427272727,0.990421434782609,-0.327338569130435,0.879282512608696,-0.303767286086957,1.04692480173913,-0.386977008695652,0.89991672826087,-0.344854155652174,0.940725307142857,-0.397641480476191,0.816958245238095,-0.0977902790476191,1.02392692043478,-0.48912279173913,0.830164102173913,-0.186519649565217,0.998399663636364,-0.262561478181818,0.514872840909091,-0.482983597272727,1.42452459782609,-1.1270960373913,0.32200913,-0.426387082608696,2.3030771488,-0.2556481216,-0.4232176148,-1.5044211048,1.12266615391304,-0.0242334565217391,-1.07532893217391,-0.174589826086957,1.09437884086957,-0.246702783043478,-0.988050039565218,0.346509592608696,1.0664998456,-0.7558903208,-0.69344725,0.1983046504
0,0,0,0,0,0,0,0,0,0,0,0,0,0,0,0,0,0,0,0,0,0,0,0,0,0,0,0,0,0,0,0,0,0,0,0,0,0,0,0,0,0,0,0,0,0,0,0,0,0,0,0,0,0,0,0,0,0,0,0,0,0,0,0,0,0,0,0,0,0,0,0,0,0,0,0,0,0,0,0,0,0,0,0,0,0,0,0,0,0,0,0,0,0,0,0,0,1.0314912,-0.8617242025,-0.02081845,0.5663969725,1.05015906642857,-0.849126100714286,-0.0144930814285714,0.616657782857143,1.052822289375,-0.815189744375,-0.0230139075,0.65957335875,0.983303216111111,-0.855119069444444,0.308803612222222,0.350331337777778,0.94237557625,-0.5827631,0.46456158375,0.34901610875,1.565858962,0.0506029606666667,0.328526212666667,1.30863513866667,1.11839613071429,0.216887375714286,-0.202429388571429,1.03537798071429,1.08205813888889,0.463996942777778,0.494757209444445,0.79194725
0,0,0,0,0,0,0,0,0,0,0,0,0,0,0,0,0,0,0,0,0,0,0,0,0,0,0,0,0,0,0,0,0,0,0,0,0,0,0,0,0,0,0,0,0,0,0,0,0,0,0,0,0,1.03929778,0.32105859,0.86491759,-0.47851732,1.078781456,0.343150304,0.92161256,-0.363178593333333,0.934016638461539,0.432487141538462,0.795815641538462,-0.203791235384615,1.03510812857143,0.54540306,0.828842805714286,-0.255032603571429,1.03249519416667,0.82422233,0.5697950675,-0.182023270833333,1.18208240941176,1.15800150176471,0.166186364705882,-0.0474240205882353,1.09144208857143,1.08043637428571,-0.088765735,0.09774934,1.0916384225,1.08690430625,-0.002671394375,0.09048963875,1.08955101466667,1.08488489733333,-0.043544748,0.0871386253333333,1.14268847307692,1.13580782461538,-0.105325204615385,-0.00298553615384615,1.042093045625,0.926359658125,0.366073115,0.200646265625,0.887227806153846,0.527797571538462,0.697103966923077,0.0209932361538462,1.95871180153846,0.287235101538462,0.817337960769231,0.721762989230769,1.28568030375,-0.358227816875,-0.420637109375,0.9517071975,1.13793597928571,0.307337537142857,-0.434073038571429,0.940085096428571,1.10089184333333,0.559416548666667,-0.091232716,0.896360209333333,1.07097515857143,0.490413573571429,-0.138561573571429,0.939523622142857,1.08481341333333,0.531269675,-0.198522455833333,0.924097673333333,1.07436237733333,0.472343426666667,-0.113668333333333,0.954954834666667
0,0,0,0,0,0,0,0,0,0,0,0,0,0,0,0,0,0,0,0,0,0,0,0,0,0,0,0,0,0,0,0,0,0,0,0,0,0,0,0,0,0,0,0,0,0,0,0,0,0,0,0,0,0,0,0,0,0,0,0,0,0,0,0,0,0,0,0,0,0,0,0,0,0,0,0,0,0,0,0,0,0,0,0,0,0,0,0,0,0,0,0,0,0,0,0,0,1.214690933,0.585815243,0.710111836,-0.75516321,1.22959407857143,0.555088509285714,0.976686268571428,-0.420878367857143,0.918314578666667,0.512907679333333,0.533869424666667,-0.33145758,0.98450734,0.385455485384615,0.768832435384615,-0.429426020769231,1.07262276210526,0.520664902105263,0.929936061052632,-0.0759432263157895,1.17138149,0.602915057058823,0.822652127647059,-0.386992715882353,1.05223135230769,0.404200123076923,0.854789443846154,-0.445468556153846,1.11065474466667,0.446960066,0.951957960666667,-0.333488248666667
0,0,0,0,0,0,0,0,0,0,0,0,0,0,0,0,0,0,0,0,0,0,0,0,0,0,0,0,0,0,0,0,0,0,0,0,0,0,0,0,0,0,0,0,0,0,0,0,0,0,0,0,0,0,0,0,0,0,0,0,0,0,0,0,0,0,0,0,0,0,0,0,0,0,0,0,0,0,0,0,0,0,0,0,0,1.07159633,-0.341119636666667,0.866309583333333,0.33735307,0.984278945333333,-0.0359624913333333,0.866129443333333,0.430894853333333,1.01576251375,0.10459889875,0.99420385875,0.147218381875,1.067597729375,-0.030782444375,1.031833669375,0.1943055425,0.998590389333333,0.0684859473333333,0.909019137333333,0.256273699333333,0.999896662,-0.329377782666667,0.817720916666667,0.367927738666667,1.450635139,-0.104681803,0.0144807985,1.1312955075,1.15490861583333,-0.1518293525,-0.8891136675,0.3622451425,1.20079032153846,-0.7802455,-0.770041766153846,-0.387458441538461,1.15218315941176,-1.03565562235294,-0.155074521764706,0.0281914264705883,1.03710621875,-0.980985063125,0.05428764125,0.183742789375
0,0,0,0,0,0,0,0,0,0,0,0,0,0,0,0,0,0,0,0,0,0,0,0,0,0,0,0,0,0,0,0,0,0,0,0,0,0,0,0,0,0,0,0,0,0,0,0,0,0,0,0,0,0,0,0,0,0,0,0,0,0,0,0,0,0,0,0,0,0,0,0,0,0,0,0,0,0,0,0,0,0,0,0,0,0,0,0,0,0,0,0,0,1.00949660727273,-0.872264624545455,0.441871482727273,0.24772226,1.03744186529412,-0.925519768235294,0.426079239411765,0.181315234117647,1.00012699153846,-0.665170058461538,0.563151619230769,0.400817773076923,0.8899405525,-0.159070775625,0.601263271875,0.55210347875,1.74206016875,-0.41171711,0.07396998375,1.004567025,1.31215635625,-0.39894354625,-1.0448835825,0.48561032875,1.06947020647059,-0.475136079411765,-0.592280054705882,0.741386835882353,1.07798709705882,-0.483097881764706,-0.435962855882353,0.854990628235294,1.07383711333333,-0.468969897333333,-0.318421996,0.910624021333333
0,0,0,0,0,0,0,0,0,0,0,0,0,0,0,0,0,0,0,0,0,0,0,0,0,0,0,0,0,0,0,0,0,0,0,0,0,0,0,0,0,0,0,0,0,0,0,0,0,0,0,0,0,0,0,0,0,0,0,0,0,0,0,0,0,0,0,0,0,0,0,0,0,0,0,0,0,0,0,0,0,0,0,0,0,0,0,0,0,0,0,0,0,1.01631923625,0.1283702125,0.986327852083333,0.142228709166667,1.046403885,0.190603314285714,1.00180351428571,0.1118739525,0.982765402727273,0.05154088,0.948414710606061,0.241052614545455,1.05541218448276,0.0254370089655173,0.932046562068965,0.433835257586207,1.02260615482759,0.113962543448276,0.898291490689655,0.360200920344828,1.47560218642857,0.610121860357143,-1.087051255,0.378609806785714,2.61902608428571,1.53535418178571,-0.424501638928571,-0.230818983571429,1.20009940962963,0.955770013333333,-0.366894208888889,0.553038863703704,1.2159113496875,1.0286249253125,-0.04750168625,0.6193719475
0,0,0,0,0,0,0,0,0,0,0,0,0,0,0,0,0,0,0,0,0,0,0,0,0,0,0,0,0,0,0,0,0,0,0,0,0,0,0,0,0,0,0,0,0,0,0,0,0,0,0,0,0,0,0,0,0,0,0,0,0,0,0,0,0,0,0,0,0,0,0,0,0,0,0,0,0,0,0,0,0,0,0,0,0,0,0,0,0,0,0,0,0,0,0,0,0,0,0,0,0,0,0,0,0,0,0,0,0,1.02691474923077,0.0807890073076923,0.928983813461538,-0.426289316538462,1.10831843689655,0.135384518965517,1.04373053172414,-0.291454079655172,0.77942825862069,0.307404090689655,0.704087593448276,-0.0459949910344828,2.03431640962963,-1.03168355259259,0.25140446,1.3830657062963,0.985959980344828,-0.590802693103448,0.117223698275862,0.714294585862069
0,0,0,0,0,0,0,0,0,0,0,0,0,0,0,0,0,0,0,0,0,0,0,0,0,0,0,0,0,0,0,0,0,0,0,0,0,0,0,0,0,0,0,0,0,0,0,0,0,0,0,0,0,0,0,0,0,0,0,0,0,0,0,0,0,0,0,0,0,0,0,0,0,0,0,0,0,0,0,0,0,0,0,0,0,0,0,0,0,0,0,0,0,0,0,0,0,1.01125118857143,0.230555792857143,0.960087654285714,0.185006108571429,0.991281911785714,0.0717547875,0.970001202857143,0.173285311785714,1.05451007884615,0.0204263630769231,0.968466593076923,0.378955330384615,0.984141295333333,0.282328491333333,0.869912384333333,0.291589325,1.19151632607143,0.341947225714286,-0.288826399285714,0.551009039285714,2.26239173545454,1.29713446636364,-0.832767815757576,-0.217128236969697,1.25136582964286,0.845915163214286,-0.254523768214286,0.797865161071429,1.26972730625,0.683610787916667,-0.135012875833333,1.04543628541667
0,0,0,0,0,0,0,0,0,0,0,0,0,0,0,0,0,0,0,0,0,0,0,0,0,0,0,0,0,0,0,0,0,0,0,0,0,0,0,0,0,0,0,0,0,0,0,0,0,0,0,0,0,0,0,0,0,0,0,0,0,0,0,0,0,0,0,0,0,0,0,0,0,0,0,0,0,0,0,0,0,0,0,0,0,0,0,0,0,0,0,0,0,0,0,0,0,0,0,0,0,0,0,0,0,1.0588875675,0.0864057825,0.8730853025,-0.59258891625,1.07088740888889,0.141901181481481,0.953249872592593,-0.452779132962963,0.941685717741936,0.291779237741935,0.880139686451613,-0.0963881,0.782488169230769,-0.17230138,0.373144871153846,0.200493918076923,1.64542350258065,-1.07525348193548,0.10321070516129,0.774369513870968,1.08084798363636,-0.690018039393939,0.167336650909091,0.805270414242424
0,0,0,0,0,0,0,0,0,0,0,0,0,0,0,0,0,0,0,0,0,0,0,0,0,0,0,0,0,0,0,0,0,0,0,0,0,0,0,0,0,0,0,0,0,0,0,0,0,0,0,0,0,0,0,0,0,0,0,0,0,0,0,0,0,0,0,0,0,0,0,0,0,0,0,0,0,0,0,0,0,0,0,0,0,0,0,0,0,0,0,0,0,1.0054720864,0.0191996472,0.9846058764,0.1996606136,1.02567874869565,0.111394867826087,1.01420593869565,0.0627250282608696,0.982205891363636,-0.0146828986363636,0.94704133,0.24439488,1.00835447740741,-0.0943278492592593,0.984082924814815,0.188264485185185,1.03140568956522,0.101910816086957,0.926126028260869,0.367773943478261,0.899589461304348,0.109953034782609,0.78270113173913,0.414884467391304,1.53056254103448,0.724908163103448,-0.771724795517242,0.664047388275862,1.3774316812,0.6823637272,-0.3858500312,0.8641217016,1.10169811666667,0.46530363875,-0.3440571425,0.93259291125
0,0,0,0,0,0,0,0,0,0,0,0,0,0,0,0,0,0,0,0,0,0,0,0,0,0,0,0,0,0,0,0,0,0,0,0,0,0,0,0,0,0,0,0,0,0,0,0,0,0,0,0,0,0,0,0,0,0,0,0,0,0,0,0,0,0,0,0,0,0,0,0,0,0,0,0,0,0,0,0,0,0,0,0,0,0,0,0,0,0,0,0,0,0,0,0,0,0,0,0,0,0,0,0,0,1.093722365,0.23330175625,0.8955618625,-0.58254816,1.15231947607143,0.2123604825,1.05281880928571,-0.400507342857143,0.839161621111111,0.199282136666667,0.789804677037037,0.147960436666667,0.900250905862069,0.33250228,0.164396092413793,0.257021365172414,1.91940329227273,1.36795479045455,-0.628204713636364,0.0374832618181818,1.11516638193548,1.06807429548387,-0.0747079093548387,0.232523218709677
0,0,0,0,0,0,0,0,0,0,0,0,0,0,0,0,0,0,0,0,0,0,0,0,0,0,0,0,0,0,0,0,0,0,0,0,0,0,0,0,0,0,0,0,0,0,0,0,0,0,0,0,0,0,0,0,0,0,0,0,0,0,0,0,0,0,0,0,0,0,0,0,0,0,0,0,0,0,0,0,0,0,0,0,0,0,0,0,0,0,0,0,0,0,0,0,0,1.01135449962963,-0.17261596,0.96411286037037,0.13079254962963,1.0125533652381,0.141363101428571,0.993939934761905,0.100831604285714,0.927776981111111,0.0696723259259259,0.902574129259259,0.083528547037037,1.11046933535714,0.135140083928571,0.5200664875,0.181961858571429,2.56482874708333,-0.535507058333333,-0.575086679583333,0.845941482916667,1.4635733325,-0.8791496759375,-0.704626266875,0.800443341875,1.047764802,-0.403358000666667,-0.250345456,0.929555096,1.07477437733333,-0.320526358,-0.335985644666667,0.967040590333333
0,0,0,0,0,0,0,0,0,0,0,0,0,0,0,0,0,0,0,0,0,0,0,0,0,0,0,0,0,0,0,0,0,0,0,0,0,0,0,0,0,0,0,0,0,0,0,0,0,0,0,0,0,0,0,0,0,0,0,0,0,0,0,0,0,0,0,0,0,0,0,0,0,0,0,0,0,0,0,0,0,0,0,0,0,0,0,0,0,0,0,0,0,1.0413802125,-0.725759452,0.738852353,-0.092596049,1.0157330753125,-0.531000999375,0.833505681875,0.0593924609375,0.827848986206897,-0.573751512068965,0.545663227241379,0.144041403793103,1.53688383962963,-0.554749284814815,0.323132928888889,0.988795678518519,1.54903404344828,-0.686494297586207,-0.670883106206897,0.705070175862069,1.08880201382353,-0.455498893823529,-0.515031787941177,0.829226755588235,1.08044966111111,-0.686469828148148,-0.435074466296296,0.706248834444444,1.08088064827586,-0.690856622758621,-0.358371284827586,0.749083062758621,1.02220101870968,-0.595460392903226,-0.0789868948387097,0.81433048
0,0,0,0,0,0,0,0,0,0,0,0,0,0,0,0,0,0,0,0,0,0,0,0,0,0,0,0,0,0,0,0,0,0,0,0,0,0,0,0,0,0,0,0,0,0,0,0,0,0,0,0,0,0,0,0,0,0,0,0,0,0,0,0,0,0,0,0,0,0,0,0,0,0,0,0,0,0,0,0,0,0,0,0,0,0,0,0,0,0,0,0,0,0,0,0,0,0,0,0,0,0,0,0,0,0.934417826,-0.342847339,0.8177536685,0.2916548315,1.00915709346154,-0.334134485384615,0.827116538846154,0.402537291923077,0.896263194074074,-0.0673250455555555,0.831882831481481,0.220416743333333,1.12855288137931,0.212466364827586,0.379979614137931,0.478364846206897,1.84336252517241,-0.592369742413793,-0.962235539310345,1.07372468724138,1.11442395206897,-0.622668836896552,-0.538166805862069,0.744009214137931
0,0,0,0,0,0,0,0,0,0,0,0,0,0,0,0,0,0,0,0,0,0,0,0,0,0,0,0,0,0,0,0,0,0,0,0,0,0,0,0,0,0,0,0,0,0,0,0,0,0,0,0,0,0,0,0,0,0,0,0,0,0,0,0,0,0,0,0,0,0,0,0,0,0,0,0,0,0,0,0,0,0,0,0,0,0,0,0,0,0,0,0,0,0,0,0,0,0,0,0,0,0,0,0,0,0,0,0,0,1.08062265357143,-0.8643561175,0.644520996071429,0.0274508778571429,0.960462136666667,-0.635910538333333,0.642248189666667,0.220229325,1.96819809566667,0.718684862,0.477764003333333,-0.591694358333333,1.13439072264706,1.07469157352941,-0.106472847941176,-0.0141318373529412,1.10783001535714,0.959833236428572,0.217545356428571,0.4885975525
0,0,0,0,0,0,0,0,0,0,0,0,0,0,0,0,0,0,0,0,0,0,0,0,0,0,0,0,0,0,0,0,0,0,0,0,0,0,0,0,0,0,0,0,0,0,0,0,0,0,0,0,0,0,0,0,0,0,0,0,0,0,0,0,0,0,0,0,0,0,0,0,0,0,0,0,0,0,0,0,0,0,0,0,0,0,0,0,0,0,0,0,0,0,0,0,0,0,0,0,0,0.994285801739131,-0.040958707826087,0.912476686956522,-0.35551303173913,1.06486879558824,-0.201039117941176,0.950481679117647,-0.344907870882353,0.92028656375,-0.2944597940625,0.8535334609375,-0.0810783484375001,0.945187390645161,-0.170612644516129,0.85750068516129,-0.0871011187096774,1.71921297342857,-0.779173297714286,-0.475380073714286,-1.113216004,1.31427394516129,0.0304283374193548,-0.710691877419355,-1.07612512709677,1.14952686777778,-0.104146843333333,-0.543811238333333,-1.00344115111111
0,0,0,0,0,0,0,0,0,0,0,0,0,0,0,0,0,0,0,0,0,0,0,0,0,0,0,0,0,0,0,0,0,0,0,0,0,0,0,0,0,0,0,0,0,0,0,0,0,0,0,0,0,0,0,0,0,0,0,0,0,0,0,0,0,0,0,0,0,0,0,0,0,0,0,0,0,0,0,0,0,0,0,0,0,0,0,0,0,0,0,0,0,0,0,0,0,0,0,0,0,1.08751574428571,0.643994612857143,0.719513037857143,-0.499765646428571,1.193031588,0.619819592,0.81274952,-0.603473641714286,0.849690633142857,0.200011535428571,0.561847267142857,-0.514725453714286,1.66820024527778,-0.380757255555555,0.922999091944444,0.849414635833333,1.09585764361111,0.224942987222222,0.714316468055556,0.783868244166666,1.05820848,0.283417038235294,0.681023081470588,0.755121306470588,1.0428257475,0.282076023055555,0.787614337777778,0.610401623055556
0,0,0,0,0,0,0,0,0,0,0,0,0,0,0,0,0,0,0,0,0,0,0,0,0,0,0,0,0,0,0,0,0,0,0,0,0,0,0,0,0,0,0,0,0,0,0,0,0,0,0,0,0,0,0,0,0,0,0,0,0,0,0,0,0,0,0,0,0,0,0,0,0,0,0,0,0,0,0,0,0,0,0,0,0,0,0,0,0,1.070797835,0.0482693275,1.04543628375,0.14001790125,1.02366393615385,0.0922587588461539,1.00854459192308,-0.121707867307692,1.008009695,0.065947612,0.945145393666667,0.225371503666667,1.15915398516129,0.272262311612903,1.01053779354839,0.282896381935484,0.939582457142857,0.192243875714286,0.881551298571429,0.252225227857143,1.26013434346154,0.205539097307692,0.283229190769231,0.320595642307692,1.9012492876,0.661926028,-0.2761546032,1.582939212,1.12194065033333,0.372922530333333,-0.151088322333333,0.970708896,1.08729915178571,0.530322183571429,-0.0126156478571429,0.942611736428572,1.243662454,0.4947692188,0.24980176,1.0997742832
0,0,0,0,0,0,0,0,0,0,0,0,0,0,0,0,0,0,0,0,0,0,0,0,0,0,0,0,0,0,0,0,0,0,0,0,0,0,0,0,0,0,0,0,0,0,0,0,0,0,0,0,0,0,0,0,0,0,0,0,0,0,0,0,0,0,0,0,0,0,0,0,0,0,0,0,0,0,0,0,0,0,0,0,0,0,0,0,0,0,0,0,0,0,0,0,0,0,0,0,0,1.22445969181818,-0.180326085,1.04426109409091,-0.565877766818182,0.961357268275862,0.101620976551724,0.863477602413793,-0.329410534482759,0.807747473571429,0.0523312532142857,0.709845136785714,-0.196604082857143,1.81484618714286,-0.702502092142857,-0.515127258571428,1.20135534214286,1.1688426521875,-0.3821091571875,-0.3240523934375,0.9679121203125,1.08684638464286,-0.307030480357143,-0.2090091775,1.02029710678571,1.17420005827586,-0.450666205517242,0.0184234075862069,1.07515620689655
0,0,0,0,0,0,0,0,0,0,0,0,0,0,0,0,0,0,0,0,0,0,0,0,0,0,0,0,0,0,0,0,0,0,0,0,0,0,0,0,0,0,0,0,0,0,0,0,0,0,0,0,0,0,0,0,0,0,0,0,0,0,0,0,0,0,0,0,0,0,0,0,0,0,0,0,0,0,0,0,0,0,0,0,0,0.99365036625,-0.317762845833333,0.934803722083333,0.0985959391666667,0.9852105172,-0.2583502208,0.9290114,0.1455891388,1.09705253307692,-0.268112550769231,1.02847021730769,0.199539680384615,0.940216339259259,-0.130710667407407,0.889254687407407,0.183524437407407,1.01679158178571,-0.126200344642857,0.916371538571428,0.396752476785714,1.07787393233333,0.337680597666667,-0.205564292666667,0.428192753333333,1.8007022837037,1.00710990962963,-0.266807338518519,1.36207666740741,1.0659420062963,0.642754037777778,-0.00233818,0.837678242962963,1.24339210333333,0.733804338333333,0.221428892916667,0.972622882083333,1.011742177,0.270136289666667,0.151211144333333,0.851865632,1.03096700047619,0.342184096666667,0.507760821428571,0.75503219952381
0,0,0,0,0,0,0,0,0,0,0,0,0,0,0,0,0,0,0,0,0,0,0,0,0,0,0,0,0,0,0,0,0,0,0,0,0,0,0,0,0,0,0,0,0,0,0,0,0,0,0,0,0,0,0,0,0,0,0,0,0,0,0,0,0,0,0,0,0,0,0,0,0,0,0,0,0,0,0,0,0,0,0,0,0,0,0,0,0,0,0,0,0,0,0,0,0,0,0,0,0,0.998475216363636,-0.339928623636364,0.916704117272727,-0.202367179090909,1.03670359535714,-0.37706575,0.932399904642857,-0.241969531785714,1.10582730565217,-0.359325877391304,0.947336977391304,-0.346541634782609,0.771802524666667,-0.144046486333333,0.736715238,0.097865143,1.65684536916667,-0.0466316925,-0.35354519875,0.731204592083333,1.43805302615385,0.117390176923077,-0.570681594615385,1.18030744153846,1.15622444172414,0.205571350344828,-0.369806503448276,1.07299622103448
0,0,0,0,0,0,0,0,0,0,0,0,0,0,0,0,0,0,0,0,0,0,0,0,0,0,0,0,0,0,0,0,0,0,0,0,0,0,0,0,0,0,0,0,0,0,0,0,0,0,0,0,0,0,0,0,0,0,0,0,0,0,0,0,0,0,0,0,0,0,0,0,0,0,0,0,0,0,0,0,0,0,0,0,0,0,0,0,0,0.993719137619048,-0.447437319047619,0.847032264761905,0.261822947619048,0.993579715,-0.396575169473684,0.861071302368421,0.264010668421053,1.02403528178571,-0.3176721925,0.850608745714286,0.436468080714286,0.788853330333333,-0.238488969666667,0.665731895,0.326208955666667,1.30517113344828,-0.26124816,1.16364785827586,0.490172768275862,1.06385944347826,-0.0474522904347826,0.01622328,0.132616494782609,2.16078581580645,1.24804523741935,-0.611150005483871,0.956907848064516,1.23576361551724,0.847493707931034,-0.123059895172414,0.647546791034483,1.08609307444444,0.763911827407407,-0.0428059918518518,0.75714292962963,1.18513477814815,0.733542771851852,0.0483921522222222,0.920324286666667
0,0,0,0,0,0,0,0,0,0,0,0,0,0,0,0,0,0,0,0,0,0,0,0,0,0,0,0,0,0,0,0,0,0,0,0,0,0,0,0,0,0,0,0,0,0,0,0,0,0,0,0,0,0,0,0,0,0,0,0,0,0,0,0,0,0,0,0,0,0,0,0,0,0,0,0,0,0,0,0,0,0,0,0,0,0,0,0,0,0,0,0,0,0.98520922,-0.45048302875,0.8736073,0.06567945,0.991518025,-0.458163837142857,0.876252375357143,0.0708862564285714,1.01432788074074,-0.460439632222222,0.900463397407407,0.0723926214814815,1.05031928,-0.52032968,0.890631407142857,-0.0996618632142857,0.949163364358975,-0.335198949487179,0.75786657,0.124296592307692,1.48211220027027,0.691179876216216,-0.44259333027027,0.888884621891892,1.13451810827586,0.707806157241379,-0.15652696862069,0.854939306206897,1.15071764176471,0.682742599705882,0.0815542858823529,0.917875859411765,1.03290471133333,0.510729621333333,0.122601639333333,0.857515476666667
